,sequence,id
0,ATTATGAAT,barcode_L9_H2_1
1,CGGCGTCCG,barcode_L9_H2_2
2,ATTCAGCAG,barcode_L9_H2_3
3,CGGACTACT,barcode_L9_H2_4
4,AGGAGTTGT,barcode_L9_H2_5
5,CTTCTGGTG,barcode_L9_H2_6
6,AAGTAGGCT,barcode_L9_H2_7
7,CCTGCTTAG,barcode_L9_H2_8
8,ACATCAGAA,barcode_L9_H2_9
9,CACGACTCC,barcode_L9_H2_10
10,ATTGGAGGC,barcode_L9_H2_11
11,CGGTTCTTA,barcode_L9_H2_12
12,AATGAGCTA,barcode_L9_H2_13
13,CCGTCTAGC,barcode_L9_H2_14
14,AAATGTGCG,barcode_L9_H2_15
15,CCCGTGTAT,barcode_L9_H2_16
16,AAGCTGCAG,barcode_L9_H2_17
17,CCTAGTACT,barcode_L9_H2_18
18,ACGTGGAAG,barcode_L9_H2_19
19,CATGTTCCT,barcode_L9_H2_20
20,AGTATAACA,barcode_L9_H2_21
21,CTGCGCCAC,barcode_L9_H2_22
22,AGAGAGTTG,barcode_L9_H2_23
23,CTCTCTGGT,barcode_L9_H2_24
24,ATTTAGGCT,barcode_L9_H2_25
25,CGGGCTTAG,barcode_L9_H2_26
26,AGGTGTTTT,barcode_L9_H2_27
27,CTTGTGGGG,barcode_L9_H2_28
28,ATATGTCGC,barcode_L9_H2_29
29,CGCGTGATA,barcode_L9_H2_30
30,ATTTCAGTA,barcode_L9_H2_31
31,CGGGACTGC,barcode_L9_H2_32
32,TTGGATCTT,barcode_L9_H2_33
33,GGTTCGAGG,barcode_L9_H2_34
34,ATGGTCAAG,barcode_L9_H2_35
35,CGTTGACCT,barcode_L9_H2_36
36,AGCCTCGTA,barcode_L9_H2_37
37,CTAAGATGC,barcode_L9_H2_38
38,ATTGACCGC,barcode_L9_H2_39
39,CGGTCAATA,barcode_L9_H2_40
40,ACCCGCCGC,barcode_L9_H2_41
41,CAAATAATA,barcode_L9_H2_42
42,AAATCTGGG,barcode_L9_H2_43
43,CCCGAGTTT,barcode_L9_H2_44
44,ATCGACCAC,barcode_L9_H2_45
45,CGATCAACA,barcode_L9_H2_46
46,ACACAGTGG,barcode_L9_H2_47
47,CACACTGTT,barcode_L9_H2_48
48,ATCAGGTCT,barcode_L9_H2_49
49,CGACTTGAG,barcode_L9_H2_50
50,ATAATCAAT,barcode_L9_H2_51
51,CGCCGACCG,barcode_L9_H2_52
52,ATAGATGCG,barcode_L9_H2_53
53,CGCTCGTAT,barcode_L9_H2_54
54,AGTATTCGG,barcode_L9_H2_55
55,CTGCGGATT,barcode_L9_H2_56
56,ACTAACTCC,barcode_L9_H2_57
57,CAGCCAGAA,barcode_L9_H2_58
58,AGTAGCGAA,barcode_L9_H2_59
59,CTGCTATCC,barcode_L9_H2_60
60,AATCAAATA,barcode_L9_H2_61
61,CCGACCCGC,barcode_L9_H2_62
62,ATCTTCATA,barcode_L9_H2_63
63,CGAGGACGC,barcode_L9_H2_64
64,AAAGGCAAG,barcode_L9_H2_65
65,CCCTTACCT,barcode_L9_H2_66
66,ATTATCAAG,barcode_L9_H2_67
67,CGGCGACCT,barcode_L9_H2_68
68,ACAGTGCCG,barcode_L9_H2_69
69,CACTGTAAT,barcode_L9_H2_70
70,AAGTTTACT,barcode_L9_H2_71
71,CCTGGGCAG,barcode_L9_H2_72
72,ACTCGATGT,barcode_L9_H2_73
73,CAGATCGTG,barcode_L9_H2_74
74,AATCATAGG,barcode_L9_H2_75
75,CCGACGCTT,barcode_L9_H2_76
76,AAGCATCTT,barcode_L9_H2_77
77,CCTACGAGG,barcode_L9_H2_78
78,ATCGGTCTT,barcode_L9_H2_79
79,CGATTGAGG,barcode_L9_H2_80
80,AAAGCGGGA,barcode_L9_H2_81
81,CCCTATTTC,barcode_L9_H2_82
82,AGACGTAGT,barcode_L9_H2_83
83,CTCATGCTG,barcode_L9_H2_84
84,ATACGGGGA,barcode_L9_H2_85
85,CGCATTTTC,barcode_L9_H2_86
86,AAACCTTCA,barcode_L9_H2_87
87,CCCAAGGAC,barcode_L9_H2_88
88,AAAATTGAC,barcode_L9_H2_89
89,CCCCGGTCA,barcode_L9_H2_90
90,ACGCTTTAA,barcode_L9_H2_91
91,CATAGGGCC,barcode_L9_H2_92
92,ATAATCCCG,barcode_L9_H2_93
93,CGCCGAAAT,barcode_L9_H2_94
94,AGTTTCGAA,barcode_L9_H2_95
95,CTGGGATCC,barcode_L9_H2_96
96,AAGAATAGG,barcode_L9_H2_97
97,CCTCCGCTT,barcode_L9_H2_98
98,AGTCCTGTC,barcode_L9_H2_99
99,CTGAAGTGA,barcode_L9_H2_100
100,ATTGAATCC,barcode_L9_H2_101
101,CGGTCCGAA,barcode_L9_H2_102
102,ACGGCATCA,barcode_L9_H2_103
103,CATTACGAC,barcode_L9_H2_104
104,AGTGTGAAG,barcode_L9_H2_105
105,CTGTGTCCT,barcode_L9_H2_106
106,ATAGCGGAT,barcode_L9_H2_107
107,CGCTATTCG,barcode_L9_H2_108
108,AGCGCGTGC,barcode_L9_H2_109
109,CTATATGTA,barcode_L9_H2_110
110,ACGACATTA,barcode_L9_H2_111
111,CATCACGGC,barcode_L9_H2_112
112,AGAGATAGA,barcode_L9_H2_113
113,CTCTCGCTC,barcode_L9_H2_114
114,ACCCGCACG,barcode_L9_H2_115
115,CAAATACAT,barcode_L9_H2_116
116,ATAATGGTA,barcode_L9_H2_117
117,CGCCGTTGC,barcode_L9_H2_118
118,AGCGGCACC,barcode_L9_H2_119
119,CTATTACAA,barcode_L9_H2_120
120,ATATCTAGG,barcode_L9_H2_121
121,CGCGAGCTT,barcode_L9_H2_122
122,TGACTTACG,barcode_L9_H2_123
123,GTCAGGCAT,barcode_L9_H2_124
124,AAGTGTTAC,barcode_L9_H2_125
125,CCTGTGGCA,barcode_L9_H2_126
126,AGGGTTGCT,barcode_L9_H2_127
127,CTTTGGTAG,barcode_L9_H2_128
128,ACTGAATCT,barcode_L9_H2_129
129,CAGTCCGAG,barcode_L9_H2_130
130,AACGGGCAT,barcode_L9_H2_131
131,CCATTTACG,barcode_L9_H2_132
132,AGCTCGGCT,barcode_L9_H2_133
133,CTAGATTAG,barcode_L9_H2_134
134,ACAGGAAGA,barcode_L9_H2_135
135,CACTTCCTC,barcode_L9_H2_136
136,AGTTCGGCG,barcode_L9_H2_137
137,CTGGATTAT,barcode_L9_H2_138
138,TCGTTGAAG,barcode_L9_H2_139
139,GATGGTCCT,barcode_L9_H2_140
140,ATGGATCCC,barcode_L9_H2_141
141,CGTTCGAAA,barcode_L9_H2_142
142,AGCGATAAT,barcode_L9_H2_143
143,CTATCGCCG,barcode_L9_H2_144
144,AGTTGAAAT,barcode_L9_H2_145
145,CTGGTCCCG,barcode_L9_H2_146
146,ACGGTTCGC,barcode_L9_H2_147
147,CATTGGATA,barcode_L9_H2_148
148,AACCATTAG,barcode_L9_H2_149
149,CCAACGGCT,barcode_L9_H2_150
150,AAGGAATTA,barcode_L9_H2_151
151,CCTTCCGGC,barcode_L9_H2_152
152,ACATTCAAG,barcode_L9_H2_153
153,CACGGACCT,barcode_L9_H2_154
154,AGGAGGGCA,barcode_L9_H2_155
155,CTTCTTTAC,barcode_L9_H2_156
156,AAGATGGCG,barcode_L9_H2_157
157,CCTCGTTAT,barcode_L9_H2_158
158,AATCTTATT,barcode_L9_H2_159
159,CCGAGGCGG,barcode_L9_H2_160
160,ACGCATAAG,barcode_L9_H2_161
161,CATACGCCT,barcode_L9_H2_162
162,AAGGGCTCC,barcode_L9_H2_163
163,CCTTTAGAA,barcode_L9_H2_164
164,TTATGTACG,barcode_L9_H2_165
165,GGCGTGCAT,barcode_L9_H2_166
166,ATGATGTGT,barcode_L9_H2_167
167,CGTCGTGTG,barcode_L9_H2_168
168,AATCGTTGG,barcode_L9_H2_169
169,CCGATGGTT,barcode_L9_H2_170
170,ATTTGAAGA,barcode_L9_H2_171
171,CGGGTCCTC,barcode_L9_H2_172
172,ATTGCGTCC,barcode_L9_H2_173
173,CGGTATGAA,barcode_L9_H2_174
174,AATGTAAGA,barcode_L9_H2_175
175,CCGTGCCTC,barcode_L9_H2_176
176,ACATGGTGT,barcode_L9_H2_177
177,CACGTTGTG,barcode_L9_H2_178
178,ACACCATGT,barcode_L9_H2_179
179,CACAACGTG,barcode_L9_H2_180
180,AGTCGTAAA,barcode_L9_H2_181
181,CTGATGCCC,barcode_L9_H2_182
182,AGGCTCAAG,barcode_L9_H2_183
183,CTTAGACCT,barcode_L9_H2_184
184,AAGAGCTCA,barcode_L9_H2_185
185,CCTCTAGAC,barcode_L9_H2_186
186,ATATTGTTT,barcode_L9_H2_187
187,CGCGGTGGG,barcode_L9_H2_188
188,AAAAGGAAA,barcode_L9_H2_189
189,CCCCTTCCC,barcode_L9_H2_190
190,AAGCCAAAG,barcode_L9_H2_191
191,CCTAACCCT,barcode_L9_H2_192
192,AACGGCAAA,barcode_L9_H2_193
193,CCATTACCC,barcode_L9_H2_194
194,AACCTTACG,barcode_L9_H2_195
195,CCAAGGCAT,barcode_L9_H2_196
196,AAAAAAACG,barcode_L9_H2_197
197,CCCCCCCAT,barcode_L9_H2_198
198,AGGGGCATA,barcode_L9_H2_199
199,CTTTTACGC,barcode_L9_H2_200
200,AGGGGCGCC,barcode_L9_H2_201
201,CTTTTATAA,barcode_L9_H2_202
202,AGCGGTCAG,barcode_L9_H2_203
203,CTATTGACT,barcode_L9_H2_204
204,ACCAACCGG,barcode_L9_H2_205
205,CAACCAATT,barcode_L9_H2_206
206,AAAACCATC,barcode_L9_H2_207
207,CCCCAACGA,barcode_L9_H2_208
208,ACTTGCTCC,barcode_L9_H2_209
209,CAGGTAGAA,barcode_L9_H2_210
210,ATAGTTGGT,barcode_L9_H2_211
211,CGCTGGTTG,barcode_L9_H2_212
212,ATTTCGCAC,barcode_L9_H2_213
213,CGGGATACA,barcode_L9_H2_214
214,AGGAGCCAC,barcode_L9_H2_215
215,CTTCTAACA,barcode_L9_H2_216
216,AACTCCGCC,barcode_L9_H2_217
217,CCAGAATAA,barcode_L9_H2_218
218,ATGGTCTAA,barcode_L9_H2_219
219,CGTTGAGCC,barcode_L9_H2_220
220,ACTGTCACA,barcode_L9_H2_221
221,CAGTGACAC,barcode_L9_H2_222
222,AGGTTCCGG,barcode_L9_H2_223
223,CTTGGAATT,barcode_L9_H2_224
224,ACATCGGCG,barcode_L9_H2_225
225,CACGATTAT,barcode_L9_H2_226
226,ACTCGCACC,barcode_L9_H2_227
227,CAGATACAA,barcode_L9_H2_228
228,AGGTCCAGG,barcode_L9_H2_229
229,CTTGAACTT,barcode_L9_H2_230
230,ATGGGTAAG,barcode_L9_H2_231
231,CGTTTGCCT,barcode_L9_H2_232
232,AACTTAGTA,barcode_L9_H2_233
233,CCAGGCTGC,barcode_L9_H2_234
234,AAGATCTTG,barcode_L9_H2_235
235,CCTCGAGGT,barcode_L9_H2_236
236,TGATGCAGT,barcode_L9_H2_237
237,GTCGTACTG,barcode_L9_H2_238
238,ATTCCAGTC,barcode_L9_H2_239
239,CGGAACTGA,barcode_L9_H2_240
240,AGCACTAAT,barcode_L9_H2_241
241,CTACAGCCG,barcode_L9_H2_242
242,TGGTCCAAT,barcode_L9_H2_243
243,GTTGAACCG,barcode_L9_H2_244
244,AGCAGACCA,barcode_L9_H2_245
245,CTACTCAAC,barcode_L9_H2_246
246,TTTGGTCTT,barcode_L9_H2_247
247,GGGTTGAGG,barcode_L9_H2_248
248,AGCTCACAA,barcode_L9_H2_249
249,CTAGACACC,barcode_L9_H2_250
250,AGGTTATCA,barcode_L9_H2_251
251,CTTGGCGAC,barcode_L9_H2_252
252,AGACGATGA,barcode_L9_H2_253
253,CTCATCGTC,barcode_L9_H2_254
254,ATGTTTCGC,barcode_L9_H2_255
255,CGTGGGATA,barcode_L9_H2_256
256,ACACTTATC,barcode_L9_H2_257
257,CACAGGCGA,barcode_L9_H2_258
258,ACTCGTACA,barcode_L9_H2_259
259,CAGATGCAC,barcode_L9_H2_260
260,ACGAGCTCG,barcode_L9_H2_261
261,CATCTAGAT,barcode_L9_H2_262
262,ATACATTCT,barcode_L9_H2_263
263,CGCACGGAG,barcode_L9_H2_264
264,AGATCAAAG,barcode_L9_H2_265
265,CTCGACCCT,barcode_L9_H2_266
266,AGACATGTG,barcode_L9_H2_267
267,CTCACGTGT,barcode_L9_H2_268
268,AACGGTAGG,barcode_L9_H2_269
269,CCATTGCTT,barcode_L9_H2_270
270,AGCCAGCCT,barcode_L9_H2_271
271,CTAACTAAG,barcode_L9_H2_272
272,ATACTCGAG,barcode_L9_H2_273
273,CGCAGATCT,barcode_L9_H2_274
274,ATACAAAAC,barcode_L9_H2_275
275,CGCACCCCA,barcode_L9_H2_276
276,ATGAGAAGA,barcode_L9_H2_277
277,CGTCTCCTC,barcode_L9_H2_278
278,ATCCGACTA,barcode_L9_H2_279
279,CGAATCAGC,barcode_L9_H2_280
280,AACCGCTTG,barcode_L9_H2_281
281,CCAATAGGT,barcode_L9_H2_282
282,AACTGAACG,barcode_L9_H2_283
283,CCAGTCCAT,barcode_L9_H2_284
284,AGCTGTGAA,barcode_L9_H2_285
285,CTAGTGTCC,barcode_L9_H2_286
286,ACCACCTGC,barcode_L9_H2_287
287,CAACAAGTA,barcode_L9_H2_288
288,AAGCCATAA,barcode_L9_H2_289
289,CCTAACGCC,barcode_L9_H2_290
290,ATGGAATGT,barcode_L9_H2_291
291,CGTTCCGTG,barcode_L9_H2_292
292,ATTGTATTG,barcode_L9_H2_293
293,CGGTGCGGT,barcode_L9_H2_294
294,AAGTCGAAC,barcode_L9_H2_295
295,CCTGATCCA,barcode_L9_H2_296
296,AGTCGATGG,barcode_L9_H2_297
297,CTGATCGTT,barcode_L9_H2_298
298,AGCTGGCTC,barcode_L9_H2_299
299,CTAGTTAGA,barcode_L9_H2_300
300,ATCTAACCA,barcode_L9_H2_301
301,CGAGCCAAC,barcode_L9_H2_302
302,ACGCCCTCA,barcode_L9_H2_303
303,CATAAAGAC,barcode_L9_H2_304
304,ATCTGCAAG,barcode_L9_H2_305
305,CGAGTACCT,barcode_L9_H2_306
306,AGTGATAAC,barcode_L9_H2_307
307,CTGTCGCCA,barcode_L9_H2_308
308,AACCAAAGC,barcode_L9_H2_309
309,CCAACCCTA,barcode_L9_H2_310
310,AAACATGCT,barcode_L9_H2_311
311,CCCACGTAG,barcode_L9_H2_312
312,TTACTCTGA,barcode_L9_H2_313
313,GGCAGAGTC,barcode_L9_H2_314
314,ATGGTGGTC,barcode_L9_H2_315
315,CGTTGTTGA,barcode_L9_H2_316
316,ATCTATCAC,barcode_L9_H2_317
317,CGAGCGACA,barcode_L9_H2_318
318,AGTGAAAAA,barcode_L9_H2_319
319,CTGTCCCCC,barcode_L9_H2_320
320,ACCGCGCTC,barcode_L9_H2_321
321,CAATATAGA,barcode_L9_H2_322
322,ACTTACAGT,barcode_L9_H2_323
323,CAGGCACTG,barcode_L9_H2_324
324,AACAGGGGG,barcode_L9_H2_325
325,CCACTTTTT,barcode_L9_H2_326
326,AATAGTGCA,barcode_L9_H2_327
327,CCGCTGTAC,barcode_L9_H2_328
328,AGGCTATAG,barcode_L9_H2_329
329,CTTAGCGCT,barcode_L9_H2_330
330,AGAATCGAT,barcode_L9_H2_331
331,CTCCGATCG,barcode_L9_H2_332
332,AACGATTCG,barcode_L9_H2_333
333,CCATCGGAT,barcode_L9_H2_334
334,ACCCAATAC,barcode_L9_H2_335
335,CAAACCGCA,barcode_L9_H2_336
336,TTAGAGGAT,barcode_L9_H2_337
337,GGCTCTTCG,barcode_L9_H2_338
338,ATCATTATG,barcode_L9_H2_339
339,CGACGGCGT,barcode_L9_H2_340
340,AGAGGCCGG,barcode_L9_H2_341
341,CTCTTAATT,barcode_L9_H2_342
342,ATCGAAAGC,barcode_L9_H2_343
343,CGATCCCTA,barcode_L9_H2_344
344,ATAAGGGGG,barcode_L9_H2_345
345,CGCCTTTTT,barcode_L9_H2_346
346,ATCAGTAGG,barcode_L9_H2_347
347,CGACTGCTT,barcode_L9_H2_348
348,ATGGAGCTC,barcode_L9_H2_349
349,CGTTCTAGA,barcode_L9_H2_350
350,ATCCGGTCC,barcode_L9_H2_351
351,CGAATTGAA,barcode_L9_H2_352
352,AGTAGCAAG,barcode_L9_H2_353
353,CTGCTACCT,barcode_L9_H2_354
354,ATTGAACAT,barcode_L9_H2_355
355,CGGTCCACG,barcode_L9_H2_356
356,ATTAAGTGC,barcode_L9_H2_357
357,CGGCCTGTA,barcode_L9_H2_358
358,AAGTTATTA,barcode_L9_H2_359
359,CCTGGCGGC,barcode_L9_H2_360
360,ATACATCGC,barcode_L9_H2_361
361,CGCACGATA,barcode_L9_H2_362
362,ATCTCTAGT,barcode_L9_H2_363
363,CGAGAGCTG,barcode_L9_H2_364
364,TTTAACAAG,barcode_L9_H2_365
365,GGGCCACCT,barcode_L9_H2_366
366,ACTTGGTAC,barcode_L9_H2_367
367,CAGGTTGCA,barcode_L9_H2_368
368,ATGAGGGTG,barcode_L9_H2_369
369,CGTCTTTGT,barcode_L9_H2_370
370,AGTCACTCT,barcode_L9_H2_371
371,CTGACAGAG,barcode_L9_H2_372
372,AAGTCCACT,barcode_L9_H2_373
373,CCTGAACAG,barcode_L9_H2_374
374,ATAGCTATT,barcode_L9_H2_375
375,CGCTAGCGG,barcode_L9_H2_376
376,ATCTGCTGA,barcode_L9_H2_377
377,CGAGTAGTC,barcode_L9_H2_378
378,AGACTTTTC,barcode_L9_H2_379
379,CTCAGGGGA,barcode_L9_H2_380
380,ATGTGTCAG,barcode_L9_H2_381
381,CGTGTGACT,barcode_L9_H2_382
382,AAAGTACAT,barcode_L9_H2_383
383,CCCTGCACG,barcode_L9_H2_384
384,AAGGGACAA,barcode_L9_H2_385
385,CCTTTCACC,barcode_L9_H2_386
386,ATGTTAGCG,barcode_L9_H2_387
387,CGTGGCTAT,barcode_L9_H2_388
388,ACCACACCC,barcode_L9_H2_389
389,CAACACAAA,barcode_L9_H2_390
390,ATTCTAAGC,barcode_L9_H2_391
391,CGGAGCCTA,barcode_L9_H2_392
392,AATGGTGAA,barcode_L9_H2_393
393,CCGTTGTCC,barcode_L9_H2_394
394,AGTTACGCG,barcode_L9_H2_395
395,CTGGCATAT,barcode_L9_H2_396
396,TACAGGGCG,barcode_L9_H2_397
397,GCACTTTAT,barcode_L9_H2_398
398,ACTAACATT,barcode_L9_H2_399
399,CAGCCACGG,barcode_L9_H2_400
400,AGGGGGTGG,barcode_L9_H2_401
401,CTTTTTGTT,barcode_L9_H2_402
402,ATAGGATCT,barcode_L9_H2_403
403,CGCTTCGAG,barcode_L9_H2_404
404,AAACCTGAG,barcode_L9_H2_405
405,CCCAAGTCT,barcode_L9_H2_406
406,TCGCCTAAG,barcode_L9_H2_407
407,GATAAGCCT,barcode_L9_H2_408
408,AGTTCCTCT,barcode_L9_H2_409
409,CTGGAAGAG,barcode_L9_H2_410
410,ACTACTAGC,barcode_L9_H2_411
411,CAGCAGCTA,barcode_L9_H2_412
412,AGGCTGGAC,barcode_L9_H2_413
413,CTTAGTTCA,barcode_L9_H2_414
414,AAAGCAGGC,barcode_L9_H2_415
415,CCCTACTTA,barcode_L9_H2_416
416,ATTTGTAGC,barcode_L9_H2_417
417,CGGGTGCTA,barcode_L9_H2_418
418,ATTACCAGA,barcode_L9_H2_419
419,CGGCAACTC,barcode_L9_H2_420
420,AAAACATAT,barcode_L9_H2_421
421,CCCCACGCG,barcode_L9_H2_422
422,ACCGACCAA,barcode_L9_H2_423
423,CAATCAACC,barcode_L9_H2_424
424,AAAGGGCGT,barcode_L9_H2_425
425,CCCTTTATG,barcode_L9_H2_426
426,ATTGCTACG,barcode_L9_H2_427
427,CGGTAGCAT,barcode_L9_H2_428
428,ATAGCCAAG,barcode_L9_H2_429
429,CGCTAACCT,barcode_L9_H2_430
430,ACGATGGAG,barcode_L9_H2_431
431,CATCGTTCT,barcode_L9_H2_432
432,AGCGTACCG,barcode_L9_H2_433
433,CTATGCAAT,barcode_L9_H2_434
434,TACAGCTTG,barcode_L9_H2_435
435,GCACTAGGT,barcode_L9_H2_436
436,AGACTGGAA,barcode_L9_H2_437
437,CTCAGTTCC,barcode_L9_H2_438
438,ATCCCGATG,barcode_L9_H2_439
439,CGAAATCGT,barcode_L9_H2_440
440,AAACAGAGC,barcode_L9_H2_441
441,CCCACTCTA,barcode_L9_H2_442
442,AAGTCCTTG,barcode_L9_H2_443
443,CCTGAAGGT,barcode_L9_H2_444
444,AGACTAGCT,barcode_L9_H2_445
445,CTCAGCTAG,barcode_L9_H2_446
446,TATACATAG,barcode_L9_H2_447
447,GCGCACGCT,barcode_L9_H2_448
448,TCTGTCCGT,barcode_L9_H2_449
449,GAGTGAATG,barcode_L9_H2_450
450,AACCGGCTG,barcode_L9_H2_451
451,CCAATTAGT,barcode_L9_H2_452
452,AGTTTCAGA,barcode_L9_H2_453
453,CTGGGACTC,barcode_L9_H2_454
454,AGCGAGCAA,barcode_L9_H2_455
455,CTATCTACC,barcode_L9_H2_456
456,AGACCGATG,barcode_L9_H2_457
457,CTCAATCGT,barcode_L9_H2_458
458,ACTTGACTC,barcode_L9_H2_459
459,CAGGTCAGA,barcode_L9_H2_460
460,AGTGTTCTC,barcode_L9_H2_461
461,CTGTGGAGA,barcode_L9_H2_462
462,ATTAGTGAC,barcode_L9_H2_463
463,CGGCTGTCA,barcode_L9_H2_464
464,ATTTTAACG,barcode_L9_H2_465
465,CGGGGCCAT,barcode_L9_H2_466
466,AGCAACGTT,barcode_L9_H2_467
467,CTACCATGG,barcode_L9_H2_468
468,ACATCGAAC,barcode_L9_H2_469
469,CACGATCCA,barcode_L9_H2_470
470,AGCATGGGG,barcode_L9_H2_471
471,CTACGTTTT,barcode_L9_H2_472
472,AAGTGATCA,barcode_L9_H2_473
473,CCTGTCGAC,barcode_L9_H2_474
474,AACGGAACC,barcode_L9_H2_475
475,CCATTCCAA,barcode_L9_H2_476
476,AATTAGCTG,barcode_L9_H2_477
477,CCGGCTAGT,barcode_L9_H2_478
478,ACCCCCAGA,barcode_L9_H2_479
479,CAAAAACTC,barcode_L9_H2_480
480,AACGCCACT,barcode_L9_H2_481
481,CCATAACAG,barcode_L9_H2_482
482,ACATATGCC,barcode_L9_H2_483
483,CACGCGTAA,barcode_L9_H2_484
484,AGTCGACAG,barcode_L9_H2_485
485,CTGATCACT,barcode_L9_H2_486
486,AGGCTGTTC,barcode_L9_H2_487
487,CTTAGTGGA,barcode_L9_H2_488
488,ACCACGGTG,barcode_L9_H2_489
489,CAACATTGT,barcode_L9_H2_490
490,ACGTCAATT,barcode_L9_H2_491
491,CATGACCGG,barcode_L9_H2_492
492,ATTCTGCTC,barcode_L9_H2_493
493,CGGAGTAGA,barcode_L9_H2_494
494,ATCACAGCT,barcode_L9_H2_495
495,CGACACTAG,barcode_L9_H2_496
496,AGCAACTTA,barcode_L9_H2_497
497,CTACCAGGC,barcode_L9_H2_498
498,ATGCGGAAC,barcode_L9_H2_499
499,CGTATTCCA,barcode_L9_H2_500
500,ACACCAGCT,barcode_L9_H2_501
501,CACAACTAG,barcode_L9_H2_502
502,AAACTACGG,barcode_L9_H2_503
503,CCCAGCATT,barcode_L9_H2_504
504,ACGGGATGT,barcode_L9_H2_505
505,CATTTCGTG,barcode_L9_H2_506
506,ACAAGAACA,barcode_L9_H2_507
507,CACCTCCAC,barcode_L9_H2_508
508,AGACCACAT,barcode_L9_H2_509
509,CTCAACACG,barcode_L9_H2_510
510,ATGCATTAC,barcode_L9_H2_511
511,CGTACGGCA,barcode_L9_H2_512
512,ATGAATTCA,barcode_L9_H2_513
513,CGTCCGGAC,barcode_L9_H2_514
514,AAACGTTTC,barcode_L9_H2_515
515,CCCATGGGA,barcode_L9_H2_516
516,ATATACAAG,barcode_L9_H2_517
517,CGCGCACCT,barcode_L9_H2_518
518,AAATTCCCG,barcode_L9_H2_519
519,CCCGGAAAT,barcode_L9_H2_520
520,AAGTGCATA,barcode_L9_H2_521
521,CCTGTACGC,barcode_L9_H2_522
522,ATCCCTCCA,barcode_L9_H2_523
523,CGAAAGAAC,barcode_L9_H2_524
524,AAGAAAATG,barcode_L9_H2_525
525,CCTCCCCGT,barcode_L9_H2_526
526,TAGATTGAC,barcode_L9_H2_527
527,GCTCGGTCA,barcode_L9_H2_528
528,AGAACACCA,barcode_L9_H2_529
529,CTCCACAAC,barcode_L9_H2_530
530,AATACCCAC,barcode_L9_H2_531
531,CCGCAAACA,barcode_L9_H2_532
532,ACGTCTGCG,barcode_L9_H2_533
533,CATGAGTAT,barcode_L9_H2_534
534,AGCTAAGGT,barcode_L9_H2_535
535,CTAGCCTTG,barcode_L9_H2_536
536,AAAGGATGC,barcode_L9_H2_537
537,CCCTTCGTA,barcode_L9_H2_538
538,ATGGGGGAT,barcode_L9_H2_539
539,CGTTTTTCG,barcode_L9_H2_540
540,ATCTTGCAT,barcode_L9_H2_541
541,CGAGGTACG,barcode_L9_H2_542
542,ACATTCGGC,barcode_L9_H2_543
543,CACGGATTA,barcode_L9_H2_544
544,AGCTACTCT,barcode_L9_H2_545
545,CTAGCAGAG,barcode_L9_H2_546
546,AGGGATGAG,barcode_L9_H2_547
547,CTTTCGTCT,barcode_L9_H2_548
548,ATTGTAAAT,barcode_L9_H2_549
549,CGGTGCCCG,barcode_L9_H2_550
550,AGAAGCAAC,barcode_L9_H2_551
551,CTCCTACCA,barcode_L9_H2_552
552,ATATCGCGT,barcode_L9_H2_553
553,CGCGATATG,barcode_L9_H2_554
554,ATTCTCCAC,barcode_L9_H2_555
555,CGGAGAACA,barcode_L9_H2_556
556,AAGAGGTAA,barcode_L9_H2_557
557,CCTCTTGCC,barcode_L9_H2_558
558,ATCATACTC,barcode_L9_H2_559
559,CGACGCAGA,barcode_L9_H2_560
560,ACAGTATCA,barcode_L9_H2_561
561,CACTGCGAC,barcode_L9_H2_562
562,ATCGTGGCG,barcode_L9_H2_563
563,CGATGTTAT,barcode_L9_H2_564
564,ACTAAAAAT,barcode_L9_H2_565
565,CAGCCCCCG,barcode_L9_H2_566
566,TTTTTAAAT,barcode_L9_H2_567
567,GGGGGCCCG,barcode_L9_H2_568
568,AACCCAGGC,barcode_L9_H2_569
569,CCAAACTTA,barcode_L9_H2_570
570,TTAATGGCC,barcode_L9_H2_571
571,GGCCGTTAA,barcode_L9_H2_572
572,AGGAACGAA,barcode_L9_H2_573
573,CTTCCATCC,barcode_L9_H2_574
574,AGGATTCGC,barcode_L9_H2_575
575,CTTCGGATA,barcode_L9_H2_576
576,AAGCTGGGT,barcode_L9_H2_577
577,CCTAGTTTG,barcode_L9_H2_578
578,ATCCAATGG,barcode_L9_H2_579
579,CGAACCGTT,barcode_L9_H2_580
580,AGACTATTA,barcode_L9_H2_581
581,CTCAGCGGC,barcode_L9_H2_582
582,TAGTAGGGC,barcode_L9_H2_583
583,GCTGCTTTA,barcode_L9_H2_584
584,TGACTGTTC,barcode_L9_H2_585
585,GTCAGTGGA,barcode_L9_H2_586
586,ATTCTGTAT,barcode_L9_H2_587
587,CGGAGTGCG,barcode_L9_H2_588
588,AGGAAGGAC,barcode_L9_H2_589
589,CTTCCTTCA,barcode_L9_H2_590
590,ATGGGGACC,barcode_L9_H2_591
591,CGTTTTCAA,barcode_L9_H2_592
592,AACCTTGTC,barcode_L9_H2_593
593,CCAAGGTGA,barcode_L9_H2_594
594,AAGACCTCC,barcode_L9_H2_595
595,CCTCAAGAA,barcode_L9_H2_596
596,ACGAGTAAA,barcode_L9_H2_597
597,CATCTGCCC,barcode_L9_H2_598
598,ATTGGTTTC,barcode_L9_H2_599
599,CGGTTGGGA,barcode_L9_H2_600
600,AAATCGACT,barcode_L9_H2_601
601,CCCGATCAG,barcode_L9_H2_602
602,AGAGCGTAG,barcode_L9_H2_603
603,CTCTATGCT,barcode_L9_H2_604
604,ATTTTCATC,barcode_L9_H2_605
605,CGGGGACGA,barcode_L9_H2_606
606,AGTCTCTAA,barcode_L9_H2_607
607,CTGAGAGCC,barcode_L9_H2_608
608,AGTTAAAGC,barcode_L9_H2_609
609,CTGGCCCTA,barcode_L9_H2_610
610,AGTATCCGC,barcode_L9_H2_611
611,CTGCGAATA,barcode_L9_H2_612
612,ATACCGCCG,barcode_L9_H2_613
613,CGCAATAAT,barcode_L9_H2_614
614,AGTTATGCA,barcode_L9_H2_615
615,CTGGCGTAC,barcode_L9_H2_616
616,ATTTCCTTG,barcode_L9_H2_617
617,CGGGAAGGT,barcode_L9_H2_618
618,ACGAAGTAA,barcode_L9_H2_619
619,CATCCTGCC,barcode_L9_H2_620
620,ATTCGGGCG,barcode_L9_H2_621
621,CGGATTTAT,barcode_L9_H2_622
622,AAGACTCCG,barcode_L9_H2_623
623,CCTCAGAAT,barcode_L9_H2_624
624,ACACCGCCA,barcode_L9_H2_625
625,CACAATAAC,barcode_L9_H2_626
626,TATTAGCCT,barcode_L9_H2_627
627,GCGGCTAAG,barcode_L9_H2_628
628,AGACGTGAC,barcode_L9_H2_629
629,CTCATGTCA,barcode_L9_H2_630
630,ATAAGATTA,barcode_L9_H2_631
631,CGCCTCGGC,barcode_L9_H2_632
632,AACATTCCC,barcode_L9_H2_633
633,CCACGGAAA,barcode_L9_H2_634
634,ACCTACTGC,barcode_L9_H2_635
635,CAAGCAGTA,barcode_L9_H2_636
636,ATCTACAAA,barcode_L9_H2_637
637,CGAGCACCC,barcode_L9_H2_638
638,TGCCAAACA,barcode_L9_H2_639
639,GTAACCCAC,barcode_L9_H2_640
640,ACATCTATA,barcode_L9_H2_641
641,CACGAGCGC,barcode_L9_H2_642
642,ACTGCGTCG,barcode_L9_H2_643
643,CAGTATGAT,barcode_L9_H2_644
644,TCTTCACTC,barcode_L9_H2_645
645,GAGGACAGA,barcode_L9_H2_646
646,ATTCGTGAG,barcode_L9_H2_647
647,CGGATGTCT,barcode_L9_H2_648
648,AATTCCGGG,barcode_L9_H2_649
649,CCGGAATTT,barcode_L9_H2_650
650,AGAGTTTCT,barcode_L9_H2_651
651,CTCTGGGAG,barcode_L9_H2_652
652,TTGTAAGTA,barcode_L9_H2_653
653,GGTGCCTGC,barcode_L9_H2_654
654,ATGAGGCAG,barcode_L9_H2_655
655,CGTCTTACT,barcode_L9_H2_656
656,ATCGCCCTG,barcode_L9_H2_657
657,CGATAAAGT,barcode_L9_H2_658
658,AGTGAGGAG,barcode_L9_H2_659
659,CTGTCTTCT,barcode_L9_H2_660
660,ATCTTGGGG,barcode_L9_H2_661
661,CGAGGTTTT,barcode_L9_H2_662
662,ACAAACCCC,barcode_L9_H2_663
663,CACCCAAAA,barcode_L9_H2_664
664,AAAAATTCA,barcode_L9_H2_665
665,CCCCCGGAC,barcode_L9_H2_666
666,AAAGGGTCC,barcode_L9_H2_667
667,CCCTTTGAA,barcode_L9_H2_668
668,ATGAAACAC,barcode_L9_H2_669
669,CGTCCCACA,barcode_L9_H2_670
670,AAAGGGGAA,barcode_L9_H2_671
671,CCCTTTTCC,barcode_L9_H2_672
672,AGGAGATTC,barcode_L9_H2_673
673,CTTCTCGGA,barcode_L9_H2_674
674,TGCTGGCCA,barcode_L9_H2_675
675,GTAGTTAAC,barcode_L9_H2_676
676,AGTAGCCCA,barcode_L9_H2_677
677,CTGCTAAAC,barcode_L9_H2_678
678,AAATCTCTC,barcode_L9_H2_679
679,CCCGAGAGA,barcode_L9_H2_680
680,ACACATCCG,barcode_L9_H2_681
681,CACACGAAT,barcode_L9_H2_682
682,ATTCTCTTT,barcode_L9_H2_683
683,CGGAGAGGG,barcode_L9_H2_684
684,ACATGTAGA,barcode_L9_H2_685
685,CACGTGCTC,barcode_L9_H2_686
686,ATGCCGAAG,barcode_L9_H2_687
687,CGTAATCCT,barcode_L9_H2_688
688,AACAAGAGC,barcode_L9_H2_689
689,CCACCTCTA,barcode_L9_H2_690
690,ATACGCGAT,barcode_L9_H2_691
691,CGCATATCG,barcode_L9_H2_692
692,AACTACCTA,barcode_L9_H2_693
693,CCAGCAAGC,barcode_L9_H2_694
694,ACTCGAATG,barcode_L9_H2_695
695,CAGATCCGT,barcode_L9_H2_696
696,AGATAGGGT,barcode_L9_H2_697
697,CTCGCTTTG,barcode_L9_H2_698
698,AGACCAGAA,barcode_L9_H2_699
699,CTCAACTCC,barcode_L9_H2_700
700,ATGGTAGGG,barcode_L9_H2_701
701,CGTTGCTTT,barcode_L9_H2_702
702,ACCCACCCA,barcode_L9_H2_703
703,CAAACAAAC,barcode_L9_H2_704
704,AGATATCGT,barcode_L9_H2_705
705,CTCGCGATG,barcode_L9_H2_706
706,TGACTTGTC,barcode_L9_H2_707
707,GTCAGGTGA,barcode_L9_H2_708
708,AGGGCTAGG,barcode_L9_H2_709
709,CTTTAGCTT,barcode_L9_H2_710
710,AAGTGTGGC,barcode_L9_H2_711
711,CCTGTGTTA,barcode_L9_H2_712
712,AATCATGAA,barcode_L9_H2_713
713,CCGACGTCC,barcode_L9_H2_714
714,ACTGTAGGC,barcode_L9_H2_715
715,CAGTGCTTA,barcode_L9_H2_716
716,AAGTCGGAG,barcode_L9_H2_717
717,CCTGATTCT,barcode_L9_H2_718
718,ACTGTCCTC,barcode_L9_H2_719
719,CAGTGAAGA,barcode_L9_H2_720
720,AAGAAATTT,barcode_L9_H2_721
721,CCTCCCGGG,barcode_L9_H2_722
722,AGTAATATA,barcode_L9_H2_723
723,CTGCCGCGC,barcode_L9_H2_724
724,TCCTTGTTG,barcode_L9_H2_725
725,GAAGGTGGT,barcode_L9_H2_726
726,ACCCTAAGC,barcode_L9_H2_727
727,CAAAGCCTA,barcode_L9_H2_728
728,ACTAGAGTA,barcode_L9_H2_729
729,CAGCTCTGC,barcode_L9_H2_730
730,AGAACCTAT,barcode_L9_H2_731
731,CTCCAAGCG,barcode_L9_H2_732
732,AATAAATGG,barcode_L9_H2_733
733,CCGCCCGTT,barcode_L9_H2_734
734,AGAACGCTG,barcode_L9_H2_735
735,CTCCATAGT,barcode_L9_H2_736
736,TGTCTCCAA,barcode_L9_H2_737
737,GTGAGAACC,barcode_L9_H2_738
738,AATCACCTG,barcode_L9_H2_739
739,CCGACAAGT,barcode_L9_H2_740
740,TTCTGGGCG,barcode_L9_H2_741
741,GGAGTTTAT,barcode_L9_H2_742
742,ATAGAGACG,barcode_L9_H2_743
743,CGCTCTCAT,barcode_L9_H2_744
744,ATACCCTGT,barcode_L9_H2_745
745,CGCAAAGTG,barcode_L9_H2_746
746,ATGTGATTG,barcode_L9_H2_747
747,CGTGTCGGT,barcode_L9_H2_748
748,AAGCACGAG,barcode_L9_H2_749
749,CCTACATCT,barcode_L9_H2_750
750,TATGTAACC,barcode_L9_H2_751
751,GCGTGCCAA,barcode_L9_H2_752
752,ACGGCCTTA,barcode_L9_H2_753
753,CATTAAGGC,barcode_L9_H2_754
754,AGCTCCAAA,barcode_L9_H2_755
755,CTAGAACCC,barcode_L9_H2_756
756,TTCTATATC,barcode_L9_H2_757
757,GGAGCGCGA,barcode_L9_H2_758
758,AGCCACCCG,barcode_L9_H2_759
759,CTAACAAAT,barcode_L9_H2_760
760,AACACAGCC,barcode_L9_H2_761
761,CCACACTAA,barcode_L9_H2_762
762,AACGACCTT,barcode_L9_H2_763
763,CCATCAAGG,barcode_L9_H2_764
764,TCGGAAACT,barcode_L9_H2_765
765,GATTCCCAG,barcode_L9_H2_766
766,ACATAGACA,barcode_L9_H2_767
767,CACGCTCAC,barcode_L9_H2_768
768,TACTTACTA,barcode_L9_H2_769
769,GCAGGCAGC,barcode_L9_H2_770
770,ATGCCATGG,barcode_L9_H2_771
771,CGTAACGTT,barcode_L9_H2_772
772,AGGTACTGA,barcode_L9_H2_773
773,CTTGCAGTC,barcode_L9_H2_774
774,AGGTGGGAG,barcode_L9_H2_775
775,CTTGTTTCT,barcode_L9_H2_776
776,TGTAATGCA,barcode_L9_H2_777
777,GTGCCGTAC,barcode_L9_H2_778
778,AATTTCAAT,barcode_L9_H2_779
779,CCGGGACCG,barcode_L9_H2_780
780,TAGGGTCGC,barcode_L9_H2_781
781,GCTTTGATA,barcode_L9_H2_782
782,TGAACTCAC,barcode_L9_H2_783
783,GTCCAGACA,barcode_L9_H2_784
784,ATAAGCAGA,barcode_L9_H2_785
785,CGCCTACTC,barcode_L9_H2_786
786,AAGCTAGTG,barcode_L9_H2_787
787,CCTAGCTGT,barcode_L9_H2_788
788,AATTACACC,barcode_L9_H2_789
789,CCGGCACAA,barcode_L9_H2_790
790,AATACTCTT,barcode_L9_H2_791
791,CCGCAGAGG,barcode_L9_H2_792
792,ATTTACTGC,barcode_L9_H2_793
793,CGGGCAGTA,barcode_L9_H2_794
794,AAGGACCAC,barcode_L9_H2_795
795,CCTTCAACA,barcode_L9_H2_796
796,ACCGGCGGA,barcode_L9_H2_797
797,CAATTATTC,barcode_L9_H2_798
798,ACAGGCTAG,barcode_L9_H2_799
799,CACTTAGCT,barcode_L9_H2_800
800,AATACGAAG,barcode_L9_H2_801
801,CCGCATCCT,barcode_L9_H2_802
802,TTTTACTTT,barcode_L9_H2_803
803,GGGGCAGGG,barcode_L9_H2_804
804,AAACTAGAT,barcode_L9_H2_805
805,CCCAGCTCG,barcode_L9_H2_806
806,AGAAAGTGT,barcode_L9_H2_807
807,CTCCCTGTG,barcode_L9_H2_808
808,TGGAGTTAG,barcode_L9_H2_809
809,GTTCTGGCT,barcode_L9_H2_810
810,ACATCATAT,barcode_L9_H2_811
811,CACGACGCG,barcode_L9_H2_812
812,ACCAACAGA,barcode_L9_H2_813
813,CAACCACTC,barcode_L9_H2_814
814,AAGATTTCG,barcode_L9_H2_815
815,CCTCGGGAT,barcode_L9_H2_816
816,TATAGGTTG,barcode_L9_H2_817
817,GCGCTTGGT,barcode_L9_H2_818
818,TAGCGTTGG,barcode_L9_H2_819
819,GCTATGGTT,barcode_L9_H2_820
820,TACGGTGGT,barcode_L9_H2_821
821,GCATTGTTG,barcode_L9_H2_822
822,AAGGGTGTG,barcode_L9_H2_823
823,CCTTTGTGT,barcode_L9_H2_824
824,ATGAGTCTT,barcode_L9_H2_825
825,CGTCTGAGG,barcode_L9_H2_826
826,ATGCACCTT,barcode_L9_H2_827
827,CGTACAAGG,barcode_L9_H2_828
828,AGGATACTG,barcode_L9_H2_829
829,CTTCGCAGT,barcode_L9_H2_830
830,TGGTGGGGA,barcode_L9_H2_831
831,GTTGTTTTC,barcode_L9_H2_832
832,ATAGCCGCG,barcode_L9_H2_833
833,CGCTAATAT,barcode_L9_H2_834
834,AGAGGGATC,barcode_L9_H2_835
835,CTCTTTCGA,barcode_L9_H2_836
836,AATTTCTTA,barcode_L9_H2_837
837,CCGGGAGGC,barcode_L9_H2_838
838,ATGAACGCA,barcode_L9_H2_839
839,CGTCCATAC,barcode_L9_H2_840
840,TGTGCATCC,barcode_L9_H2_841
841,GTGTACGAA,barcode_L9_H2_842
842,AAATTATAG,barcode_L9_H2_843
843,CCCGGCGCT,barcode_L9_H2_844
844,TGAATGCTG,barcode_L9_H2_845
845,GTCCGTAGT,barcode_L9_H2_846
846,ATTGGTATG,barcode_L9_H2_847
847,CGGTTGCGT,barcode_L9_H2_848
848,TTAAGTCTT,barcode_L9_H2_849
849,GGCCTGAGG,barcode_L9_H2_850
850,ACCCACTTA,barcode_L9_H2_851
851,CAAACAGGC,barcode_L9_H2_852
852,TGGGGCGGG,barcode_L9_H2_853
853,GTTTTATTT,barcode_L9_H2_854
854,AACCTGGTT,barcode_L9_H2_855
855,CCAAGTTGG,barcode_L9_H2_856
856,AAGTCGCAT,barcode_L9_H2_857
857,CCTGATACG,barcode_L9_H2_858
858,AAATGTCTG,barcode_L9_H2_859
859,CCCGTGAGT,barcode_L9_H2_860
860,AACGGTGCA,barcode_L9_H2_861
861,CCATTGTAC,barcode_L9_H2_862
862,AGAAGGTAT,barcode_L9_H2_863
863,CTCCTTGCG,barcode_L9_H2_864
864,ACTCGGCCA,barcode_L9_H2_865
865,CAGATTAAC,barcode_L9_H2_866
866,ACCTTTAAG,barcode_L9_H2_867
867,CAAGGGCCT,barcode_L9_H2_868
868,AATGGCATG,barcode_L9_H2_869
869,CCGTTACGT,barcode_L9_H2_870
870,AAAGTTGCT,barcode_L9_H2_871
871,CCCTGGTAG,barcode_L9_H2_872
872,ATCAGGCCG,barcode_L9_H2_873
873,CGACTTAAT,barcode_L9_H2_874
874,ACGGATATC,barcode_L9_H2_875
875,CATTCGCGA,barcode_L9_H2_876
876,ATCAAGAGG,barcode_L9_H2_877
877,CGACCTCTT,barcode_L9_H2_878
878,AGTGACCCC,barcode_L9_H2_879
879,CTGTCAAAA,barcode_L9_H2_880
880,AGATTGGCC,barcode_L9_H2_881
881,CTCGGTTAA,barcode_L9_H2_882
882,ATACTTTAA,barcode_L9_H2_883
883,CGCAGGGCC,barcode_L9_H2_884
884,AGCGGGTTC,barcode_L9_H2_885
885,CTATTTGGA,barcode_L9_H2_886
886,ATAACGCAA,barcode_L9_H2_887
887,CGCCATACC,barcode_L9_H2_888
888,AGTTAATAC,barcode_L9_H2_889
889,CTGGCCGCA,barcode_L9_H2_890
890,ATGTATTAA,barcode_L9_H2_891
891,CGTGCGGCC,barcode_L9_H2_892
892,ATACGCTCT,barcode_L9_H2_893
893,CGCATAGAG,barcode_L9_H2_894
894,TTGTAACTT,barcode_L9_H2_895
895,GGTGCCAGG,barcode_L9_H2_896
896,TTAGAGATT,barcode_L9_H2_897
897,GGCTCTCGG,barcode_L9_H2_898
898,ATTGTAGTA,barcode_L9_H2_899
899,CGGTGCTGC,barcode_L9_H2_900
900,ACCTCCCTA,barcode_L9_H2_901
901,CAAGAAAGC,barcode_L9_H2_902
902,ACGCCATTG,barcode_L9_H2_903
903,CATAACGGT,barcode_L9_H2_904
904,TTCCTGCGC,barcode_L9_H2_905
905,GGAAGTATA,barcode_L9_H2_906
906,ATGTTGTAA,barcode_L9_H2_907
907,CGTGGTGCC,barcode_L9_H2_908
908,ATTGCATGC,barcode_L9_H2_909
909,CGGTACGTA,barcode_L9_H2_910
910,ATATCAGAC,barcode_L9_H2_911
911,CGCGACTCA,barcode_L9_H2_912
912,TGTTTACCT,barcode_L9_H2_913
913,GTGGGCAAG,barcode_L9_H2_914
914,ACTCAAGGA,barcode_L9_H2_915
915,CAGACCTTC,barcode_L9_H2_916
916,AAGAAGACT,barcode_L9_H2_917
917,CCTCCTCAG,barcode_L9_H2_918
918,ACATCGTAA,barcode_L9_H2_919
919,CACGATGCC,barcode_L9_H2_920
920,AATCTCAGA,barcode_L9_H2_921
921,CCGAGACTC,barcode_L9_H2_922
922,AATACCTTG,barcode_L9_H2_923
923,CCGCAAGGT,barcode_L9_H2_924
924,ATTACTTGA,barcode_L9_H2_925
925,CGGCAGGTC,barcode_L9_H2_926
926,ATGCATGTG,barcode_L9_H2_927
927,CGTACGTGT,barcode_L9_H2_928
928,AACTCTTTT,barcode_L9_H2_929
929,CCAGAGGGG,barcode_L9_H2_930
930,AGAATCTTC,barcode_L9_H2_931
931,CTCCGAGGA,barcode_L9_H2_932
932,ATCGCAGCG,barcode_L9_H2_933
933,CGATACTAT,barcode_L9_H2_934
934,AAGATTGTC,barcode_L9_H2_935
935,CCTCGGTGA,barcode_L9_H2_936
936,AGGACTCAC,barcode_L9_H2_937
937,CTTCAGACA,barcode_L9_H2_938
938,AACGGGAGA,barcode_L9_H2_939
939,CCATTTCTC,barcode_L9_H2_940
940,ATAAGGTTG,barcode_L9_H2_941
941,CGCCTTGGT,barcode_L9_H2_942
942,AAAATGCGT,barcode_L9_H2_943
943,CCCCGTATG,barcode_L9_H2_944
944,TATTCCGTC,barcode_L9_H2_945
945,GCGGAATGA,barcode_L9_H2_946
946,ATGTACCTG,barcode_L9_H2_947
947,CGTGCAAGT,barcode_L9_H2_948
948,ATTACTCGT,barcode_L9_H2_949
949,CGGCAGATG,barcode_L9_H2_950
950,TGTCCATGT,barcode_L9_H2_951
951,GTGAACGTG,barcode_L9_H2_952
952,TATGGTATA,barcode_L9_H2_953
953,GCGTTGCGC,barcode_L9_H2_954
954,TAGCTGCGC,barcode_L9_H2_955
955,GCTAGTATA,barcode_L9_H2_956
956,AGCCGATCT,barcode_L9_H2_957
957,CTAATCGAG,barcode_L9_H2_958
958,AGTCCCGAC,barcode_L9_H2_959
959,CTGAAATCA,barcode_L9_H2_960
960,AATTCTATT,barcode_L9_H2_961
961,CCGGAGCGG,barcode_L9_H2_962
962,TAAATCTTG,barcode_L9_H2_963
963,GCCCGAGGT,barcode_L9_H2_964
964,AAAAGAAGC,barcode_L9_H2_965
965,CCCCTCCTA,barcode_L9_H2_966
966,AAAGAGGGC,barcode_L9_H2_967
967,CCCTCTTTA,barcode_L9_H2_968
968,TGTAGTCCC,barcode_L9_H2_969
969,GTGCTGAAA,barcode_L9_H2_970
970,AGCCATGTA,barcode_L9_H2_971
971,CTAACGTGC,barcode_L9_H2_972
972,AGACGCGCA,barcode_L9_H2_973
973,CTCATATAC,barcode_L9_H2_974
974,ATGTTTGGG,barcode_L9_H2_975
975,CGTGGGTTT,barcode_L9_H2_976
976,ATAGCAATC,barcode_L9_H2_977
977,CGCTACCGA,barcode_L9_H2_978
978,ACTTCTATC,barcode_L9_H2_979
979,CAGGAGCGA,barcode_L9_H2_980
980,ACGCAAGAC,barcode_L9_H2_981
981,CATACCTCA,barcode_L9_H2_982
982,AGCCAGTGT,barcode_L9_H2_983
983,CTAACTGTG,barcode_L9_H2_984
984,AAGGGTACT,barcode_L9_H2_985
985,CCTTTGCAG,barcode_L9_H2_986
986,ATAAGAAGT,barcode_L9_H2_987
987,CGCCTCCTG,barcode_L9_H2_988
988,AGAAATGAT,barcode_L9_H2_989
989,CTCCCGTCG,barcode_L9_H2_990
990,ACCTATGTT,barcode_L9_H2_991
991,CAAGCGTGG,barcode_L9_H2_992
992,AGACTTATG,barcode_L9_H2_993
993,CTCAGGCGT,barcode_L9_H2_994
994,AGCTTTTTC,barcode_L9_H2_995
995,CTAGGGGGA,barcode_L9_H2_996
996,ATCCTTCGG,barcode_L9_H2_997
997,CGAAGGATT,barcode_L9_H2_998
998,TGCCTATAG,barcode_L9_H2_999
999,GTAAGCGCT,barcode_L9_H2_1000
1000,AGGCAGGCT,barcode_L9_H2_1001
1001,CTTACTTAG,barcode_L9_H2_1002
1002,TATAAATAA,barcode_L9_H2_1003
1003,GCGCCCGCC,barcode_L9_H2_1004
1004,TGTGATACA,barcode_L9_H2_1005
1005,GTGTCGCAC,barcode_L9_H2_1006
1006,TCTCGATCC,barcode_L9_H2_1007
1007,GAGATCGAA,barcode_L9_H2_1008
1008,ATTGCCCGG,barcode_L9_H2_1009
1009,CGGTAAATT,barcode_L9_H2_1010
1010,AAAATTAAG,barcode_L9_H2_1011
1011,CCCCGGCCT,barcode_L9_H2_1012
1012,ATCCCGCCC,barcode_L9_H2_1013
1013,CGAAATAAA,barcode_L9_H2_1014
1014,TCGACTCGC,barcode_L9_H2_1015
1015,GATCAGATA,barcode_L9_H2_1016
1016,AAAAATCAG,barcode_L9_H2_1017
1017,CCCCCGACT,barcode_L9_H2_1018
1018,AGGGATAGC,barcode_L9_H2_1019
1019,CTTTCGCTA,barcode_L9_H2_1020
1020,TGGATTTGT,barcode_L9_H2_1021
1021,GTTCGGGTG,barcode_L9_H2_1022
1022,ACATGCCGC,barcode_L9_H2_1023
1023,CACGTAATA,barcode_L9_H2_1024
