,0
0,AGCTCACCTTGTCCCTGGGACGGTATTGTTGCAAATGGGGATAGACATAACCGCGTGAGACCATAGTCGGCCGGGATGGTGGCTGCCTTTACCTGCACGGTCAGGACTGGGATCAAAGCAGTCACGCACCATGTAAGGTGTTTACCACGTCGTGTCTTACTAATATCACCAGGAAATCTAGGCGTGTCAGCGGTCCTCTTTTAATACAAGAGCGTCCACCCCGGAGGCGATGTGAATACACCCCCTCAACCCAAAGTTATGTTAACCTTGTTGGGGAGAGGAACTCCGTGGGTAAACGCC
1,CCTCACATCACCGCCTCGACTACTTCCGCAATCGCAGGGCACCGCTGAGTAATCGAACATGGATGGATGGGTACGACCAGCCATGCTACAGGCCAGGCGTTTGGGCAAGACCTATTCGGTGGGGGGGGGTGCGAAGCTCAATTGTCTTAAGTAAACTCAACCGTGCCCGTTGATTTGAGGTATGGTTGGCGAGACACAAGAAATTTTCCGGAGCACCCGGGATATGCCGGATAGCCTTATGATCTATAGGTTACTCAACCGGCAGCGTCCTGACGCGAACCAGGTGGCGTATACTGATAT
2,GAGGTGAAATGCGTTGCGAGTGTGTTAAAAGGGGTAGGGTCGGGTAACATTAATGATTAGTGTCCTCTTAGCCTAAAAGCGCCTCATCGCCGTATGCGGGCCCCCTTGTGGCTTGCACTTTGGTAACTTAACATATCATGCACATGACGTAACTGTTGTTGGGGACGTTACGCCTGACAACCATATCGAACCGGACACGGGGCACTCCGTCGACCGTATCGTCAACAACGGCCAACAGAGGAGGGAAGAATTTCTGAGAGGCGGCCTAACAATTGCCCCAGATTTATTGGACAGCCTTTA
3,AGGGACCTTCAAGGAACATCAGCTAATCTAATATCTGTATGGGTCCAAGCTTCGTCCAGTAATCGGCAGGAGTATCAAGCTTGGGATTGTAAAACTCTCGCCGGGAGTTGCGCCTCTTTGCTTGCTCTTATGTGTATTTGAAATCGAACAAACTTTGCTCTATGTAAGCTCTACGTTGTCACGGGATAAGCCGTGCATGGGCTGATAAGGACCAATCAAAAGAATGGCTTCCCCCCTGGAATGGGGTAAGGGTACGAGACCCCCCTGAAACACTATACACAACGAAAGTCGCCGGGCGAC
4,AAGGCGAGATCGCATCTACTCTGGGTATACGGTCTTAGGATCTAAGGCCTCAATTCATCCCACTGTCCTAGCAGGATACGGTCCTATATGCCAGTTGCATTGGGGTATTTGAACATATTGGGATAATCAAGTATGTGCGTGATGCGATGAAGCACGACCTGGCGTATCGAGCCCTCGGGGTAATGCGTATGGGGAGCTGGTTGTTGAATGTATCAAGCTCTAGCAGGTAGGGGCCTATAACAACCCATCAATACCCGCTTGAAGAGGCTCGTGAGTGTCTTCGAGAACAAAAATCGATGT
5,CCCTTCTCAGAAGGCTGTGTTCATATAGTTACTAACTCCCAGACGGCTTTAGCGTGATCGTCACACCGGGCCACCTATCAACTCACTTTTCTCGCAAGGCGCTCACGTCTGGAACCCTAGCCCGTGCTGCTGAGATAAACGAGACGGGCCGATAGAAAGCGGGCGAGCTTGGTGCTATCCATAGCCCAGTAAGCACGGTTGGCGTATCTGAAATAACCTCAGGGTGAGGTCTCGCGGTGTCACCCCGGCCGAAGGTCTACGCACGAAAACTTTTCCTGCAACTCGCTAAGATCAGCGCAG
6,ACTCGACTGTGCCCACGATCTGTCTATGCACATAGTTATTACGTTCCGCACAGATTTCACGGCCTTCACGGACTAAGAACCAACTTAGGGTATCAGTCCGCCTCTAAGCGTACACTAAAGCCCCCTTATCGTGACCTGAGGGGCTCAGGATTCGGAATCGTCTTCGCGCTACCCCCCCGTGAGCGTACCTCGTGCGGTAGACATATCTGCCGTCGGCTAAATTGAAAGAAAATGTGGCTTAAATGGAAAAAATAGCCGGAATCTCTCGGCAAAAGTCAAACGTCATATTCGAAGTAATAT
7,CCCAGCAATATGCTAGGTACATCAACGTTCCATTGTAGTTTCTTTCAAGCCTTCGCCTAGCAGTGAGTCACGTGCACCAAGCTCTACTTAATCGGCTGATTAGACAGCAAAGTTCATAACGCAGCCCCCGGGCCCGTGTTTCTTACGTCGGGCAGTGGGACATCTTGGCAGCAAGGAATCGGTGGACGACTAGATAAAGATAGGACCCCTAGCTATGGCCAAGAGTCGAGGAAGCGGGTACAAGGAATACTGGGCAAGGGGGTATACACACTATCATCGAAAATTAGTCGGTCGACGATC
8,AGTATAATTTTCTTTGCCAACATGTGTCCAGGGCCGAGCTGGTTTGAACTTCACCTGGAGTGGCGCCCCAGTATTTAGGTTAGCAAACAAGCTATAGCACAACATGAGCATGTTGTGTGACGGTGAAAGAATTAGGTATAGGGAACAAGCTCTCGGGCTCACTCTGTTGGCATGGATTTATTTCGAGGTCACTATTCTTATTCATCAGTATCCAGCCCAAGCCGTGCAGTGTGTCAATGTAGGGAACGCACCGCGCGCGAAAGCTCATTCTACTTAGATATTTATAATGGAACTTGACAT
9,CCGGTAGTAGGACAGCAAGACTACGACAATCAAGACAGGTTACGAGTTGTCACACGTGGCGACGATATAGCCTGCCCGAAGCGGACGAGCGTGATCCCGAAATAATATCTGATTGTACCGCAGCCGGGGGATCTGGTAAACAGAACACCTAAACACGCATGGCCTAGAGTCGCCGTTTACCCAGCACTCGACAAAGTCTACCGACGATTCACTGGATGATTAGCGCCGACATAGGGCACCCGCCGATGGAGTCGAGCTACGGCTCACGTGGATGTCCGTAAATGATTACGAGATTTGTGA
10,ACATGGGTTCGCTCAGCTTGGTTTCTCAGGTTAATGTATCTACATGAGCAGTCTGATGAATTACATCCCCTCAGTAGGCATTAACTGACTTCCAGGGTGTTCAACGCACCAGAGAAACCCCCTGTCACTAGAGACCACGGTTGACGGGGCCATCCCCGGGTCAATGAGACATTGAAGGACCTTCACAATTTATACTGGTAGATGAGGTCACGTGTCTCCTAAGGCCGACCATCGGCGTGTGGATTATTGGTGACGGAACAGTGTCTTAATCCTTTGACCGCTCAAAATTTGATCACCTCA
11,GCTCCCAAAGTCGGATTCGGGGAAGCAAGTAACGGCTCGTGTTATTTAACTGATTCTTCCGCATGGCTTATCAACTCCCCTCTGTCTTATCACGACACCAAGGCCGTGAGTTAAAAGTAACGCCTTGGGAGTATTTCTAGCGGTCCGAGTCGTCGGAGCCGTGTGCACCGGCCACGTGGGCTGTGTATTTACTTCCAACTGGCGAGCAAGATACGTCTCGGGTAACAATCTGTAAACGTAAAGAAACAGTGTAGATACAAAACAACGTGGACCATCAATTTCAATTGCAGGGGTAGGGTG
12,CTTAAAGGCTTAAGACTTAGCAGATCTGCTTATCTTCGGACGATGAGGATAATATTTAGACGGCGGGACGGTGGATCGTTCATGTCTGCGCCCAGAACTGAGGTGGGCTTCCACGGATCTTCGGACCGACGGGGTTTTGCGGTAGGGGATTCAAATGGTGTTGACTCTGTTAGCCCTCTTTACATTAAAGGATCGTCTAGAGCGTCTTCACAAGTTATTCCGGAGCGGGCTATGCGATTGTGAGCTAGGAGCACGAAAACGGTCAGCTAGTGACAACTTCTGGCGGTCCTTTTTGCCGCG
13,TTCTCCAACACGGTGGACACAACCTCCCTAAAAATCTGTGCTCTTCACCGGACATCGGATTGAGTGCCAGGAGCAGGGGACAGCAGCGGAGCACCGCATGTGGAAAAACCTCACTTGATTTCAATCTCGGCTAAGAGATCATTGATGGTCTAGATAACTACGCAATCCAACATACGGAGCAATTAGACCTACCGGAGAATACAACTAAAATCATCTACGGACTCAAATACCAAACCTTCGGCCCGAGAGTGTTCCACTCACCCACCTAGCGGCGAAACGTCCTTCAAGCGAGAGCTACAT
14,GACCCAGGATATTAGCACCTTGCTGCTCTGTTCGCACGATATAAAAAAACCACCTGCACCGATGGGACGGCCTCTTTGTAACAATTTGATGTAGCAGAAAGGAGGTGCGCTTCTGGTGAACTCTGCGAGCGTGCATCCGCGTAAATGGTATCCGAGTGCGTCTTTGGATCATTAGTTGTCTAGGTCATGACCCAAACCAGGTTAGGCGCTCGCTACCCTGTCTGACAAGTTATTGTAAGAATCTGCAGAGGAACCGTCTGACACCATGCGGTGTAGGGGTAGGGCTCTGAGATTATGAGC
15,TCCTGTGTTTCGGTGTGCTGTCATGAGTGAAGATCTAGTCGAAAATTAATTACACCCCGAGGGTTGCATGCACTGGAGTTCGACGAACGTAACATTTCAGCGCTATAAATAGCTGTGCGGGGTCTTGCATGGGAGAGCCCGAATGTAAAAAGATGTGACAGGCCTATGATGGAGCGACGGTAAACGGGAAAAAATCGGTGGAGGAATGGTGTTAAGAGGTCATGCTGGGCACTATCGACAAGAGGCGATGCCACGGCCGTGAACCTGGTATAAGATGTGCTGCGCGGAAGGATCATCCAT
16,ATCATTCTGAGAGTTCATCTTCAACCCGAAGGGACCAGATCGAACCGACCAAGTCCACATCAGTCCACAAAGTGGTGATACAGTATCTTCAAGGTTTGCAAACGTCTGGATTTCCGTACTGTCGCACAGACATTACAGTCCACGTCCAAATATAACCCTTTTTTCTATCAAGTAGAACTAGGTCTATCGCGGTAACGTGGAGAGTCGTACGTTACATGATCACCCGTTCCCGTCCGGCGTTCGGAACGCGAACCAATCTGAAGCTCGGGTCCGGCCACCATGCTAGTTGCAGATTACGTC
17,CGAAATCGCGCAGAAATACTCGAACCACAGAATAATACTGCGAGCATTGTATGTATCGCGATATCATATCATCTGTCCTGCTGGTCGAAAGCCCCCATGAGGTGGCGTATCTGATAACTTTCATAACATGGCCAGTCGCCATTGTTAGGCAGTCTCGTGAACGGTACGATTCGCGCGCTATGCAATGTGTGGATAGACTGGTAAAAGGTGCGGACTCCAGTCAGGATTGAAGCCTTTCAAGGGTATTAGGAAGGAAGCGCATGGTGGTTAGCGGCCGCGAGGCGGAATGTTTCAAAGCAA
18,GTTGACTAATAATATTCCTGAGCGAATACTACTGCTTATGAGATTTATAATGGGTCCACTGGATTATACACTAGTTAGCGCTGGGATATCGGTAACTACGAACTTTCCGGCTCGTTGGGAGCCGGGGCTGTGTGTAGACGAGCTCGCCTCCGTAACGGAGATGGTCTGACAGTAGCTATCGATCAATATACCCATACCCAAAGGAGGGCGCTTAAACGAGTGTGCTTGAAATATACCTCGCTGAGAAGAGTGGAGCAGGCTGGCTCACGACAAGTTACGGCACTACGTGACAGAGGGTCG
19,TGTTGACGATCGAGTAATACCGAGTTTCCACTGATATGTAGTTAGTATTAGGCATCTCCTGCGCTTGGTAAGGCGCGATCGCTACTCCTTGGCAAGTGGCCTCGACCCCAACCTCTACTGACGTTCGGGGGCAGATCGAATTGACGATTGAAGCAATCGCCCAGCATTCATCGTAATTCTGCCCCCTTCGGCAAAAGACAGGTAGGTTTTAATCGTGAAAGTGCAGGAATCGGAGTAGCCTCGGTATCCATTTGACTAACTACCAATTGAGGTAAGAAAAGCGGGAATCTCCTGGTTGAA
20,TAATGCTAAGAGTGTTGAGATACGAACCTACTCAGATCAAACCCCTGATCTCGTCGGTCCAATCAGATACGTGGAGTCGAATCCTCCAAGGGGTTAGTTGAGACTCGCCGCTATAGCCCATTTCCCCAATCCTCAAATAAAGGGTTAGTAAGTACTGCCAGGGGGACGTCGCGGTCTACTGAGTGGTAGTTGCCTAATTTGCCCCTCAATAACGTGTGCTACGGTGCACCGTGGTAAGCCCCATAACCAGATGATAAGACGAACGCTGAGAAGAATTATGCAAATGAGACCGACCCTCCA
21,GGTGATGCGCATAGTGTAATTATCGAATAGCTGATGGACCAGTGGCAATGCCTTGCAACCTCCCGCGGTTCCAGATGGGTTGTTACTCAGCCCCACTCGTACCCAACTAAAGAAATGAGCTTCGACAATCGCACATTTCTACGCCATCCTGACCCATGATGTCGGCCGATCTTCAGGACTTGCCTACAGGCTTCGAACTACAATTCTGTGTGTGCGTTGACGTGGTTATTGAACCTCCGGGCTGATTCGTGATCCTCCTAACAAGCGGCTGCGCATTCTCGCGACCCAGCACTACCCCCT
22,TATCTACTCCTGGAACGCGGCTGGCCATAAGAGCGAATCTTGCGCCTCAAGCCCTTGAGAGCCCTGCCGCGATATCAACTTGACGGAATCGTAACATGTAGCTGTCATCCCGGCCGGGTCGGGCACACCGTCACCGTATCGTTCGTGCCTTAACACATTTCACCGCAAAGTAGTGTTGACCCGCTGCGAGGGTGCAACTCGTTCCCGCCACATAAGACGGTCCCTGACATCGTCCGTCCCGAATCTACCGCTCTGATCTGAGAGGTTGCGCCTCCAAGCAAACCGGCCACGAGACGTCAT
23,GCGCCAACCTGCGCCGGGTGGATAGTCACAGGTTCATTGGAATAAAAGAGTTATTCTTGTAATAACGGTCATGCATCGTCACAAATGGACAATAGTATGGCAGCTGCCCCGCTTCAGTCCCGCTGCCTGATTGAAACCCGCACAAACTTCGTGGCGTGCGCAAGTGGCGACTATTTAATGATATACTAGCTCAGTCAGGGGTTATTTTAAATATCTAACGTACTCCTCTGCTGAGAGGCAGTGGGTCCATCGTAGACTACGTAGCCTCTATTATCCGGAATATACGGAGCATCGGGCGTT
24,GGGCCTAAGTGGCAGAGCATATTGGAGGTATTCCAAGCTAAATCACGAAAAGATATTATTCATCTTAAGCTGAGTACATGAATGCGGACCGAAGCTAGAAGAAAACCACGATATGCTATTCTGGTTCGTTGTCACACCCTGATAGCATTTCATCCCACTAGCCGCTAACGTAAGACGCGCGGCTTCTGGGGCCTAATATCTGTTGATAAAAAGCTTCAGGTGTTCATGTATCTGAATAACCGTATTGCTCTCGTTTTATCTCTAGTGTTTTCCGGACTGTGGTTGCCGTCTCTAGGTCTA
25,CGGTGAGTGCGCACTAGCGCTTCTGAGATTAAACGGAAGGAAGTCGTGTTTACAAGGTGCCTCGAACGTCATAAGGCGAAGCATGTACGATTATTGACGCAGAGCTAGAATGCGAACGGGTGCGTTGGTCGCGCTTTATCTACCGCCCGTGAGTTCATATAACTTTGTCTCGTACGGCAGAACGGTGAATCCCTCTCTGAAAATTAGACCCCGTTGGAAAGACTTTGTAAATTGGCTGGCTGCCGCACTACATTGAGTCTGGTAGAGAGTATAGGCACAGCCAGCTTCGTCCATCAGCGT
26,TAAGAAACAGTCCTGACGTACTATCGCTCGATTAAGCTGCTACGGTGTTGTCCGCCCGTAGCAACGTAGTCGACCACGGGTCTGTCCATTCGCAGTTCGAGCGCTGAACGTGCCCTGCTTGATGGAACATATCCACCCAAAACCTGTTGGGCCGGCTGGTGACTGTAAGTATGGAGCGCCCCTACACCAGCAATTTATAACATTAGAACGAGTGATTGTTACACACTCACATCACGGTATTATGTCTGGAATGGATTCGCTGAATACTGAAGCATGATGGCACCTGGCAGTTCATGCATG
27,ACTGTTGTGTCTACAGCCGCCAGAACATGCTTTTCGTGGGACGCATATTTATATCGGCTATCGTCTTGAGATATACAACAATCTGGAATACCTTAAGGTTAGAGAAATCGAACGCGACCTTCGACACACCGGACTGTTTGTCGAGCTCTCTATCAGAACTGAATTCCTGCCTACGGAAATCTACGGCTAGTGGACATTATGATTGGAGTACGGAAGAGCTACTTAAAGAATGTGCGCGTTGTCTCTATCACCATTGGCCTGTCAGATTCGTCCAGTCCTCTTGTGGGCCTATCGACTGAG
28,ATGATACATGGTGGCTTGGTCAAGGCCTCTCAATTGTTATAATCGTTCGCATGAGGTCAATATCGTACCCATAGAATGCCTGGAGCTTACATGTGTATTTACTTGGATTGTGACGATAGGAGCATTTATGAGTGTTTGCTGTACTTAGATCTTTAGCATAGTCTAGGCTATCTCTCCATCGTATTTTATCTATCGGAACGGTCACAAAGCTGGATCCTGTAGAACTATACTACGGACCGCGGTAGCCGCCACTAGTGCGCTCGAGCTCCCATCCCAGTGAGTGTTAACACATCCGATTGG
29,CTCTCTGTACATGATGGCCTCGTCAGCTAGGCACCCTTGGGAGTTGTTCTCTCTGTCTGCCAAATTAGCAGGACTTCCGTTTTACAGAAACGCAAAAAAAGGCGGGGCTACAGGTGCATCGCAACCCACGGCGCACAGGATGATGGCTATGTTCATCTCGCCTATGTCCAACACGCTGGTTGGCTCTAGAGATTTAGGCGATCGAGAGCGGGTTGCCTTCCCGCATTGAATATTTTACACAAATTGTGGTATGATGCTATGGCCCGACGTTTGACGCACCTTGCTGGCCAGGTATTTTAG
30,CTGTTTCTCACCGTACGCCACAGCGCCAGAACCGCGTTGAAAACGGTGAGGAATCGGTCTCGTCTCTCCTCAACGCTCGACTCACCGTTCGATCCGCGTACTCACTAAAAACTGTGTTTGCTTCGGTCTACAGTCGATAATGCACTGGCGCTATAACCCCAACACACGCATAGGGAACATGTGTAAACTCTGTTCGGAGCTGGGAAATGGGTTTGACTTGGGAGCTTACCGTCGCGTTCCCTGTGGGGTAGGCACGATTTCGCTCTTCGGATGGAGAGAGAGAAATTACCATTACAAGAG
31,GACGCGTATACGAACTACTTTGATGGAAGGGGGTCCGGAATCGGCATGGTCCGTGGTAGGCATTACCCTGATGGAAGCGCGGGCTGAGGGTCCTGAGAGGAAAGGTTGGGCTAGTGTAGTGACTTGACATCCGGCACTCCCGCAATGCGACCCATAATTTATGTTACCGTAGATTAAACTCGGCCGAGTGCCTATATACCTCCTCTGGTGGTATTATGGTACTTCCAACATTGGTAATTTCGAGCGGTAAGAATGCATTGCAAGCCGAGATAAAGAAGCTAATCGCAGAGACTAAGCACT
32,AAAACGGGATAAGCACGCCGGTCCCCAAAGAATCGAACTCCAGAGCACTCGTTTACACTCGATCACCGTGAGTTTAGCTGGAGGTGTGCTATGTCCGTGGCCTACTGGTCTCTGTAACGTTACACCATAGCTAAAAGGACAAAGTCTTTAGGGATAAAACAACGCGTGTGAGAATGAGTTACTTAATTACCATTTTTTGAAGGACCGCCTGAACGAATGTATAGCTGGTCTTTGGTATCTTCACGTTAAGCAGAATTGAGCGAGCTGATATGTTACCCAATACTACTGAGCGCACTACGA
33,AATTCAAAGGTCGGAATCCACGTGGCCGCCGGGACGGGCATAGCTCTAGCACTCGGATAACCGTCGGGATGGTAGTGCGCTGGCACGTCAGCCCAAAAGCTCCCTATGCGCGAAAAGATTAAGCGCATCGTAATTTGCCAGCATTCGAGGCTGACGCTGATTCTCATGCTTGCACCTACTATTTATCGCCAGTCGTGTAAGCTGCTTAGTTATGCTTCATTAGGGGAGGTTAGGGGTTAGCGTCCCGGGTGTTTGGGTATCATCCAGTATGTGGAGCCAGCCGTGGGCCGTACGTGGACA
34,TGTTCCGCTGGTTGCGCTGACGCTACGACTGGGCTAGCCCACCAGTGATGATTATGCGACACGCGTCGAGCGAAACATCTGCAGACGGGAGATGTCAGTCGATCGCCCCCTCTCACCGCATACCTGACCTGAGACCATATTCTATATTCGTATTGTCTAACCTCATTCTAGACAGTTGGACCAACCGGACTGAACTGATCGATGGCGGGTCAATTACCTCACCCTGAATCGTTATTTGACTCGCAGAGTGTGGTCGATTTAGAGCTGTAAAAGAGCCGGGTACCATATGTATCGGGGACT
35,TGTCCAAGAAAACGGGTGGCTTGATCGTCTGTCCAAACTCACACCGCAAAGACGTCAGAACTTACGTTTAAAACACAGAAGCAGAGGGTGCTATTCTTTCGAAGTAAGAGTATGACCACACCGTAGCCGATCCGGTACACGCTTAGACCGCAAGCCTTAAGGCGCGAGTACGGAGGATACGCGTGGATTTGTTTCGCGAGAAGCAAATCCGAGTCGTCTCCCTCCATCGACTATACCCAGATGCTGGGATAGGTCGAGCTTCGGGCCCGTTCTCGACCTTAACCTCAAATGATAACGAAG
36,CGGTTTAAAATGTCTGCCATCTAATCCCGTCAGCAATCGACTAGGAAGGGGGTAGCTAATCGATGCTAGGACTGTACTGTCTGTAGCCGTATTGCATAACAGACCCGTCATAATCCTGCAGCAATGCCCATAGTTTTATGTTAAATCAAGAGGTGCTCCAAGTGGCGATACTGCTTGGGTACAAACTAAACGTTCGATACCTCATCGGCCTGGTGAACAGAGGCCAGTTATCACTACAGTTAGACCCGTGGCGAGATTGTGGTTCTGCTTACTAAACGGCGCGCATACTATTGAGGTGTA
37,TCACGCTGCTCCTAATAAGCTGCTACGCTCGATCATGTCGCACTAGAGCAGCGGTCCTACAGATCGTATTACGGCCTAGTTTGTGGTTGGAGAGTGGTCACCTCCTTTTCATTCACACAGGGAGATAACGTTGGGTGCTGCACCAAAGGTACGGTAAAGCCGGTACTGATTTTTTCAACAGGAAACTCCTTTTTGGGGGCCAGGAAGCTTCACATACGGGCTGTTATAATGCAGGTCCCCCCTGCGTCCAGAATGATTAGACCCGCTCTAGTTAAATTGCAAGCGAGGAACGTTATAGCG
38,TGATCCAGACGACCTGAGTATGCGCACTGTCTCAACTACAAAGTCTCTAAAGTTGTGAGGGCCTATTGCCGGAACCCGGGTCTAGGAATAATCGTTCATTTGCGGTATGCGATCTGGTCCATGGCTTGCTGCACTCATACGGAGGTACTACGGCGTGACGCAGGCCGTGGCAATTCGAGGCTTATCTATTGGTCAGCAATCCGTGTAGTCTCCATCAGAGGTGATGGGTGTGGACGGGGAGGGTGTAACTTGAAGTTAATATTAGCCCTAAAACCAGGTACGCGGTCGTGAGAAGTCAAC
39,CGACGGCCAAATTTCCATTCCTGATTGAAATAGTGCAGCTGTAAAGACTTGATAGTATGGAATTGACCATCGAACGCGTTAAGTCGGTTTTCACTGAAGACCAATTTGTGCAATGGGCTACGGTGTTTTGTTTTTCGTCTGCAACAGTGGCTCTCGCCAGAAGCCGCTAACATCATGACTGGCTCATCTAACAGCTTGCGCTTATAGTCGTATACAAATATGCCAGTTGCTGGAAAGGCTTGTCTCTCCTTCGCAACCAATCTGGGGGATCTCAGGTCATCCTCCGAGATAGTACGCTCC
40,GGTAATCCCGGCAAACGCCCTCTGCGAGCCAGACCCTCCACATTGGCGATAGCCAAACGGCCACTTGCTAGAACTACCGGTATATTCGTTTAGCATGACTAGGTCAACCGTTATGGCACGGGAACAGAAGTCCGTTGGGCACCTCAAATCTGATAGAGCAATTAAGATGACAGTCAGGGTCAGTGTTCCAACCGAGATGCGCGAGAATCGATATGGGGGGGTCTTCTACAAACGGTAAGGACGTCTAGGCAGTGATCGCCTACTCCGGAAAATCTGCTTGCTGCAACTTACTTTTAGAGA
41,CAAGTCATGATCTCATCGTGTCGGACGCTGCGTTACACCAAACAGGCATTGAGTTTTTACTGAGCCGAGTAAGACAAATGTCATGTAAGCTCTTTAGGCTCCGCAGATAGATGGGGATGGTAATTGTTTATGTTCGTATTTGTGCTTCATTGTCTTCCGAGAAAAGCATCAGCGTCGCGCATGGCAGTCCAAATGGCCTCGTAATAAATTCTAACGTGACAACGGCGAACGGGTAGGGCTAGTTGACGCGTAACGCTGGATCCTCGCGAAGGTCTTTTGCCGCAACAGACTGTCCCGTAG
42,TCCCCTCCCGTGATTACTGCCTTTGTCGCCTACTGAACACCCCAACAGGACTTGACAACCGTGCAATCATCCTACCAGATGCTACTCGATGTTAATGTGATCTAGCGATGTATCGATGGCTATGCGGTAACTTCGAGATGGGAGTGCCCTCACAGCTTATTATGGGCTGCCTAAACTGGGCTTGTTAAATCTCCCTACAGTGCCATTTTGCCCCGCGCCATCGCATAGCAGAACGACTGTCAAGTTTACGCAATTAGCTAATTGACCACTCTGAAAGGTAACATGGCCCATTCGTGCTCA
43,CCGTAGCAAGTCAGCGAACTATATCGAACCAGGTAATACGGTGAGTACCCGTCCCATCCACCGTCTTAATGATGTTGGTAGGTCGAATATTCGTACGTAGTCCATTAAGAGGGGGCTGTCAGTCTTGAGTCCTCATCGAAAACCGATCGCCGAGGTAGGGCCTGTCTATTCAACTGGTGCTCTTCCAGGAACGTCCAAAAAATTTATCTCTCCTGCGTGGAGGTGCCGGAATGGAACGTGTTAGCCAGCCGCCTCTCGTATTTCAATTGCTAATAGACCTGGTTCAGGAACATCATTACG
44,GTTGTATTTTGCAAACGATGTGTGAACATCGTCTCTAGATCCGTGCATGGAACGGCAGGTGAGCGTCTGTCACGGCTAATGTACGGGGTTTGGGCGATACCTAACATACTTAAAAAGCGGTAGCTCCCTGATCGTCGCTCTGAGGCTTAGTTAGACGCAGCTTACTTGTCAAGAGGGATTTTCGACCTACTGTACTATTCCTTGGATAGGATCGATCGAGCAGTTGACTGGATGGGTTGAGACTTTAGGGGGAGCGCTCGCTTCATGGGATGAGGATGACGGGCCCGTTCGCGAATATGA
45,GCCTAGTGATACCCCGCCAGAGGTTTCAGTGCGTACCATCAGGTCCCACTCCCCACCCGTGCAGTGTCATCCCTTTGTCATCTGCTCTACGCTAATCAATCGCTCGGAACCCTGCCTGACGATTCATGGACGTAACACCTCCTGGAGGGAGAGCTCTGCGGGACGCCTCAGTGGGATGTTTAGTTTAGAATATGCGGCGTAAAGGGCAGGCCGTGGTTGTGCCTCAGGGGCTATACATCCCCTGATGTCCTCATGCCGGTGGCCCGGGTCCTCGTCCTCTTGAGTGGTACCCGTTCGTAC
46,AGTCTAATGTTACATTTACATGATTAGCGGACTGCACGCGCAAAAGCTAATCCCTGTGCGATGGAGAGGTGTGCGGGTCACAAACATGGGAGGTCCGGTGGGGAGGCGGGGTAAGATAACTAAAACAGGCGCAACACAGATGACGTTCTTGCCACTTACACCTTGTATCAACGTTTCGTAAGCGGCTGAGCGTGCAGGGTCTGCAGGGGTCGCGGATTTATACGTATACTACAAAGATCCTGATAGAAACCTCAGGCCTCCGTCATCAGGCGTGGTGGAGCGCTACCACACCAACAAAAT
47,CGCAAATTACGTTACGAAGGTGTCTTCTGGAATTCCTGCGACAAGTCTGACGGACCACTTATAAATAAGGACGCTGCCGAATGGGTGATGTCTAGACGTATATAAGCGGTGTGCAATCCCTCAACTACGTGCCCTAGACGAGTACTGTATGTATCCCGGGTGCGTAGGTAGAATCGGGTAAAGCCTGTCAGACTTTCCCGAAGCGCCCATCGGGCTGCTGAATCGCAGATCAACGGCATGTTGAGGTAGTAGCGCGACGTATAGAAACGTGTACTGGAGCCTAACAATACATGTTAAAGC
48,CATTGAGCACAGCTTTCATACCCTATCGATGCCAGGTTTTTCCTATTACGTCCTCAGCGCTCCCCACCCTACAGCTTGCAAGTTGCCTGGACGCGGTAGAGACCTGCACGGGATAAGATGGATCGCGCTCCCAAACAAAGTTCGGATGCTTAATCTAAAGGATTGACTCGCTGGTGGAGCCGCGCACTCAACTAGGGAAAGCGTTCTATGCTAGACTATCATCGGACAATTATGGTCCGGCTCCGGCGGGTTCAAAATCATCTACGGCCACCCTCGCGCATCCATAGATGACATGTCGGT
49,AATATCAATACAGGATGTGTGAAAGAAGTGGCAAGTAGCCAATTAATTAGAACGCGTTGTAGCTCGGAGTTTGCTCGAGCGAGTGGTACGACAGGTTGTTGCCACATACCCACTTTTGAAGAACGTGACGGCTGCACAAGTTTGGCCGGGCCTGTACCTTTGGAATTCCGAATCCGAATAACCCGTCCCGGTGATACAGATTGGACGATCTATGTAGAGTCCTCCTAACGCAGTCACACGCAGACACGATTCAGTCCCTTGCATATTGGTAGTCACACATGCCTACCTAACGTGGTACTT
50,AAAATTGGTCAACCAATTATCCCTCCCCCACGGGTATGGTATGGGGATTAGATGCGGGATACTTCAGAAGTGGGTCCACGGCCTTTTTGGTTTCTTTATAGAATTTAGCTTCTTCCTTTGGTTTACATACTAGTCTTGAGACGCGGTCGGCAACTACTATCTATCTATCATAGACCGATCAGCGGCGGGGATTCGTGTCAGGGGGAAACGACCCTTGCCTCCGACTTCCAGGAGAAGACGTAACCTGTTGACCCTTGCTCATTTGTGCCCGCGATCATAGGGCACGCTCCGCGTCCACTG
51,TAGAGATGGCGTGGAACACAGACAACCTATGCGATTCGACCCTTATAGGGTCATCGATCCACTTGCAAGGAAGGATAAATGCGGATTACATTTCGTGCTGGGTCCCCGGCAACGACGGTAGATTAGACGTCTATATCCCTACGAGATTTGCACGGTTAGCGAATTGTACTGCTGTCATGAATTAAGGGGAAACCACTAAGGGGCCGAGAGGCGATAATTTGGGGAGCATCAAATGAACCAAAGTGGTGAATGTACATTGCGTAATGTTATTTGCGCCGGTCTCCCAGTGTGCGGGCCCTC
52,AATTTGCAGGTCTGCGTCAAAGTATCGGGCATCAGCACTGACAATTGCGATGTAGTATTGATCCTATATCCGTCGCGATGTAATATGGGGTACACGTGTTGCAGCTTGTCGCCATCGGATCTACTCTGGCTTTGACTACTCGGTGCATCAAGTACGAACCTCCGCGAATACCATTGAAGTGACAAGCTAAGTGCGTCGTGTCTTGCCCGACGCAATCGCCGTTCCGCGTCTTCACGCGACAAGGTAGTACAGTCGCTGACCAATAGTCGATTACACCGCATTTTCTAGAAGGCGCGCGCG
53,GATCATGCCTTGCAGCGCTATCGAGTGCCCGTCTCGATACGCGAGTCCCAAGCCGCTTTCGTCACTGAGGGTTGATTGCGTTCTCAACGGCAGAACGAACCGTTATCCGCATAAACAGATTCTTCCCAAGATAAGAGCAATGACTATAATTCCGATCTTAAAATTAGGAAATTTAGAATTGCTGCCCCCGTGGTCGCTGTAATCACTTCCTACTGGACTCACGATATTATCTGAATACTCCTACAGTCCGCCGCTCGTAGGATAGCTGGCTTCTTGGGGCCATATCACCTATGGGTCATC
54,TAGTAGTTGACAAAGCCAGTACACCAAACAGGCACATCATCGTCAATAACCAGCAGTTTTGATTGGTGCGCTGTCATATTATATGGCACGATGAGTTGAGCACTGGTCACAGCAACACGAACCTCATTGGAAGGAACGAAACGAGTTTTAAATGTAGCAAAGTCCAGGAAAAGATCTGGAGTTCCGCTATCATCGCAGTGCTGCAGGTATTATCGACCGTTCATCTTTATACACAGCTTCAGATTAATGATCCTGAACTTCGTATGTCAGGGAACTGCCTTCAGTGTAGTTGCTCCTGAC
55,GGTCGGATGTACAGACTAAGATACTTAAAGCACGCCGGTGGCATTCATCGACCGCGGTTATGGGGGCTGGAGTGGCTGGAAAGCGTAAATTGCAGGTTTAAAGCGGCGATCGAGATGACTAACGACGAAGATCTTGGTTGCCCTTGACGGCAATGTGTTGTCTGATTTACTCTCGGTCGTAACTCTGGGGGCTGGGGTGACTTCACAGCATCGCTTTTCATACAAACCTACCACTGGTCGAGGCCATGGTAGCCAAATTAAGCCTCATACGTGAAAGTGCTAAACCGCAAATAAATAAGA
56,CAGCGGCTTCTGGTCCTCTTCTAAAAGCCTACAGACCATGAGAAATTCCCCTGCAAATAGCACGATAGTGCCGAACGCTTCTATGATTAAGTACCGAGCGGGAGGTAGCGCGGCATCCGCCAACTCTAGTCGCCGGCTACCCCTCAGAGTGTATGTCAGCAGAATAGACAGGTTCTGCGAAGATGCGTCGGGCATGTGACACTTAACTCATTTTCATGACTTCATTCGTCGAAGAATAGAGGACCCGTCCTAGGTACTACGTCCGTCCTCGCACCCTTCGCTAAAACGAATAATAGCTGT
57,GAACCTGGAAAATGAACTGTATCCGCAACATTTAACCCCGGGTGTAGCTGCTGCTTACTATAAACTTCGGATTGCTCTCCCTGATTCGCGACCACACAGGTCACATATGCCATGAGCTCTCTATCAGTAACAACAGTCGTGTAGTGCACTGCGATCGCAACTGAGCTTGCGCGCATGAAGCGGCCGTCGAGGAGGCATGTCTTGGTAACTCAACACTGTACGCGTGTCAGCGAAGTTAGAATTCCGAAACCAAATTACACTTAATTTTGTTCCGCAGCGCACCTATGTGCAGCTGTGCAA
58,GCATGCGAGACCTTTCGTAGCCAAGGCAAGAAGCGACGACTCTATCGTACGACTCCACGTTGAGGACGGCTCCACAGATCAGGGCTATCACTCTTTTAACGAACCCGTCCAGTCTCGGATATTAATAGTTAGCCCGTGCGGTTGGATAGCGAGCATATCTCCCTGACGGATCAAATGCTGACCGTGTACAGCACTTATACAAAGGGACCTGGTGCCACGATCTACGGAACATAGTTCTTCGTACGAACTGTTGCCCTGGCGATAGTGCCGTCTAAACTCAGAACTTTTAACTATAAAAGC
59,GTAGTTTGTCGACCGAATCATCAAATCCCTGTGGATAGCTCTGGGTCAAATACACACATCTACGGTCGCCACTACTTCCTTAACTTCCCCCGGTTGCTTGTGACATTTAAGCAGTCGAAGGGCGTCTTTCGGCCGGCATCGCCTTCGACTTAGCATACACTGTCTTTATGAGGGCAGAGTTTGACGCTCTCTGTGGTTGTGGCTAGAATTAGTCGTTTCGAAAATCCATTATGGTCAATAGTGGCGGAAGGTGTTTCCAGAGGATGAGGTCGTGCTCCCGAAACGAACAGTGAATACCAG
60,GCCTTTCGAGAGTCTAGCAGGGAAGCCTTCAAACTGTGCTCGTGCCCAGCGGCCTGCTGAGGCCATGTACCTAACCCTCCCATCTTACTCGCGAACCCTATACCCATCACATTCTGTGTAACTAAAGACGCTCGCTGCCAGCGGGCATCGAGGCGAAACGTGATTCGCTCTTCAGGAGAACAAAGAGTCACTCTAGATAATGAGAATGTGCTCACTGCTCGTAGGAATCTTCAACATGTTGACAGATGCACCGGAATGCACTACAACTGAATAGGTATCATATAGTATTGCCAGGAAGCC
61,TGGCCGGAGAGGTGGACAGACGGCCCACACACAGATCCCGGGTTTCCCCCTCTCATATCTAATTTGGTGCCAGATCGATAGGTCCCTCGCTCAAATTTATAGCCCCTGATAGCCCATTCAGGAGCTTAGAGGCTCGACTTAATCAGTGTAGCTCACGGTTCTCACTTGTGTACTCTAGGTTCACCGACGAACTGCTTTTCGTACCAAAACATTATTTAGCTATTGCTGGTCTACACCGCAAGGGCCGACGTAACTGTGCCCCCCATTAAGGTCAGAGCCCGAATTGAAATACGCGATGTG
62,TCCTTTTGTTGTTCAAAGTTACAGTGCTTAGTATGGCCGATCGGAGACGCGAGACAAGCGTCTCGACTTATATCTGGAAATGTGAACTACCTGTCGGTGCTCAAGCTTAGAGTCATGGCAGTCGGTCCAATATACATAACACGGCGGTAGTAACGCCGTCCGTCGTAGCTGGTATCAGTGGTGGGTAACAGGGCACTTATCTAGGCTAACCCCCGCTCCTGTGCCATTCGGGCGTAGTCAGTACATATTGAAACAACTGTGTCAAAGCCCAGAGCAGGGTGAACGAACGGCCCTGTTCCC
63,AATCTGTCGGGGTGGTAATCCTATTACGGTGTCATCCAAGATTTGCTAGAACTCGAGTCCCATGTTATACTCGTCAATCGATAAGTATAGGGTTCATTTCCAACGAACCTGGTGGTAGTTCGTAGATATAATTCGCCCTGTGACATCACAAGGTGGAGAGATCCAATGGGCGAAAGACGTATCTTCACGTTGTCTATTTGGATGTCTACCGGTCAACTCAGGACTCATGTCATAGGTGGACCGACCGGGTTATAAGTCCAGTATGACCGCTGCTCAGGGCACACAAGTAGACACCTGTTG
64,TGCTTGGACTGCGATTGTTGCGCTGAAAGAGAACTGGTACCACATTGCAACTAGGCCAACTTGCACTCGTCGTACGCCTCACGGAGCCCATACTGGGCTGTTACGCTAGCGTTCGCCGCGCGCATTCCATTTATTTATGTCGGATTCACTATATGCATCACGGATATGGTCCAAACCGAAGAGACCAAAAAATCGTACCGTTTGCACAATGTCGCACGTTCTGACATTTGCTAGTATTTGGTCATCTTTATATATTGGTCAATGTTATTCTGAATAATAGATATGTTTCTCTAAGTGTCA
65,CGTAATATTACGATTGAATTCGCAGCCTGGGACAATGCGGGCACTCGTGTACCTAGCTATGCAGACAGGTCGCTAGGCTGGTGCTCATGATGACTACGATTAGCAACCTCGTTACCCGCATACCACAATATTTGATGTTGCCTGGGCGTGTTAGTTTTGCATTCGCTGTGTCGTTACCACGGTGGCGAATTCGATACGGATGTAACATGAGGCCTTTACGCCCCGTAACTGCGACCGTGACCCGTACTGAATGCCGGATGTGTCTTTGTAGAGTGCCGACAACTAGGTAGCTTTGCTCTT
66,TAAGGAGTTAAGCTCTCCTAACATAGGGGGCCCCCTGGTCCTCCGGCTCCGTCACCCGGCGCAAAACCCGATCATTCGATCCCCATCATATATGATTGGTAGTTTGTAGCAGAAGGCTGTTCTGATATGGACTGGCCTCAACCATGGCAGCAAGACCCAGTTGCTCCCGGGCACAATCTACGGATGGCGCGGCGACTCGTTACGATCTATGCAAGGCATAACTCAGGTATAGGCTACAGCTACAGTAAATGCTTCTATAAACTTATTTTGAGAGACGCCCTGGGGCATACGGTTGCTGAC
67,AAGGTTCTTGTTCGGGTTCCTTGAAGCATAACCAGCCCGTGTCATTTGATCCTTCCGTCCATGCACAACGATTCTAACCCTGCCTCAACAATGCGATTGCTCACTTAAACATGCTCATCTAAACCCAAAATGACGAAAAATGGACACAATGTGTTCTCGGGACCGACCAGAGTCTCCGCTGCTTGTTAAGTTGTGGTACAGGGCACACGCCATGCGTTTTTGGATCGCTGTTGATACCTCAGTCCACGAACGAACGCAATCCCCGAGATCCAGCGCGACTCTCCGTGTTTGATTATTATT
68,CGTGCGAAGCAGAACATAGGCCGGCCAGCAAAAAATGCCATTTATGCAGGTTCACGTCCTGCGACGTAAGCTGTGCGTCTTCACGTACTCGGACCTAGGTTAAAATAATTGGAGATTAATATTGATTGCAACCTAACATACGGTAAGACTCACCGCTTTTCATGGTCAGCGGTTTACAGTCCTGACTTAGTCTTCTAAAAATGAACAGGAGTATATTCAAGCGTGTTCGGATCAATGCGCGCACCTCAGCCTGACGCCTAAGAGCATGCGTGCGGGGGCGAGAAGTCAGGACATAGCTAT
69,GCCGCAATGTTTAGACGTAGGTGGCTTACAGTAAACGCGCGATAGTACATTCGAAGAGCCGCGAGACATCCTAGGTTTATATACCTAAACCCAGCGCTATATGCCGAGGCCATCCTTGAATCCGCTAGAAAGCTTGTTATATCCCCCACGATGCTCTCTGTAATAAACCATCCACGACCGTCTTCACTTCGGTTGGAGCAACCAACCTGACCCCGATTGTCCCGTGTGTCAGCTACCACTTTCGTACCACCTTTACTTGCACTGCACATACTGTCACGCTCTGTTTATCCGCGAAGTGAT
70,TAGCCTGACGTGTCCTGTATACGCCCCTTCGTCCCGATTTGATCCGTAAAGACGTAGCTGGAGCACCCGCACTTTTATGCCTTACCCTTGGCGGGGCAGTGTCCTCTTCTGCTCCAACCCTCACTTTTAGAAATCACTTTGAAAGATTAGCTACAATAATCATAACTTTTCGTACTTGTAGAACTGCCGATTATAGTTTTTATGTCGATCATGAACCGGGAATCATCGATCGCGATCGTAATCTGCAGGCCCCCTCTTCGTGATCGAAAGGCTGCTTTTTGAGCAGAAGCCGTAGGGTGC
71,AGGCGGGATTCAGGAGTCTCTGCCGGTAGTACACCAGAAGCCCCAGCCTTATCCATCCGAAGAATGCCATCAACGCATAAATACAGAGAGTGTCGGTCCAGCCAGAGACTGTAAGTATCGATGTTAAGTGCCGTGCGAATGAAGGCGAGAGTAATGCCGTTATACTTACGAACGGGCCTGTTCTAATCACCGTGAGTTCCCGCAGCGCATGGTGTCTGGGCGCGGGCATTTTCTACGCTATGTCCTTGCTAGCGGCTGGAAGGTACGCAAGTGTTGAGGGAACTTTGGGACGAAATCTTG
72,AGACTACATCGAGGACGATAGGGCAACGACAGACGCTGACAAGACCGCGGAAGCGATGTGCTAACTTTGTGGTCTGTACTTCGAATAAGAATCAGCTCTCGATCTATATCATAATTCCGCCACGTCGTCTTTCACTACGTAGGTGAACGTTAACATTACCCTGATATCTGATTCAAGAACTTCCTTATGTTCCGAAACAGCTACCAAAGCCTGTCCAGAGAAGGGCAGCTAGGAATTTCGTGTACACCAGTTCATGCTGAGTAGATATCATACGGCATTGATTTTCCAAGCTATCAATTT
73,TCTCGTGGGGAACCTTCCAAACAGCCAACTCCACTGGGCCTGGGCTCCCGGTAATAGAGACAATGTAAACTCGCACAGACATCACGTTACTAAGCGTACCGGAGCACCCCGGTGAGGCCCTAAGAATTACTAGCAGTCCACTATCTTTTTGATCGGGGACGCCTGTCCCCCTATGAGCCTGTGTATGCAAGCCCAGTGTATATTCGTAGTGTAGGACTATGGAGCGACACAAGACACTGTTACGATGTGTCCCGCGAACAATAGTTCTCAAATAAGCCTGCGACCATTACAATGTATTGG
74,TCGGGAGGACCATGTAGCACTGATGTCTACTCATACACGAGTTTAATCTGCTATGCGCTAACTGGCTGCCCATAATCAGCCAAATGATAGCTATGTGAGTGGTCGTAGTAGTTACGCCTGAAGTCTATAAGGAAGCTGGAACCCACATATGGCTCTATACCCAACTAGGGAAGTTTATAAATTACGAGGTCCCCGTCTTTTGCACGCTGCCTGCTGGGAACGAAGAGAGGCATGGGGCATGACCTCAGGCGCGTACATCCGCGCGCGTTACTTAGACGAATCGGTAGCAAATCAACATTA
75,CCTCCTCACAACATGCGGGCACCCGACGTCATCCCGCAATGTAGGTCGGGATGTCATATGCTAATCTTGTCAGATTAAATGTATGGAATTGAGGTTTAAGGAAATGCAATATGTAACCATAGCAAGGTATCTTCTACTCCGTGATCCCACACCACTGACATGCGAGCAGCGCAGTCCTGGCTGGCTGGTTACTCCTATACAGTGACAGGCAGGATACGGTTTACTCGATTTAACCTAATTTAGTGTTTCCCTCCACAACTTTTTTCCCCAAGTCTTTTTCAGAGACGCAAACAAGATCCA
76,GGCCGAACGGCCGTAGTGAGCTGCACGTGGGCTCTTACTCATGGCAAATTGCCTCTCACTAGGCTCCCTTAAAACTAGGGATCTCGAAGTACTAAATCTGCTTATCGTAGCCAATTTTGTTTCGATACGCATGGATGGACTCCTTCACCCGCTTTGCACACGTAGTCGGAGTCACGGGGGGGTTATTATTTGTTCCTCGGGATCGACTCGAGTTGGTAGCCTGCGATAGAGACACCAGACAAGCAAGAGTTAGACAGAACGATGATTTCTGTGCTGAAGTGGTCAAGCATTTTCTAGTTC
77,GTCAATGATTCGATGTTGATGGTTGGTGTGATAGCCCCGAAAAGGCGGCTGACTATACCTTCATAACCCTAACTTAGCAGCCGTACGGCGAAAGCCATCAACCGGACTTCTTTCATTTTGGGATTGTTCAGTCTACTTTAAGCAACGACCAGAAAAATAAAAAAAGTACTCGGGGGTTAGTGAGACAGGCCGACTGATTTTTAGATGTGCTAACCCATTCGGAATGTTGAAGTTATGCATCGTCACATCCTCGGGGTAGCCCCAACCCATGCCGGAGAGACCTCTACGTCTCCTAAAAGT
78,GATTGCTCTCAGGATAAATTTGATTAATACACTAGTTAGCATTATACGCTTTCTTATTCGATTATGACCGTCGGAACTATCTTATTGCCTCGGCGACCATCCAAAGTAGCTAGGCGAGAGTACATATGCGCGAGTCAGTCGAGGGGGTCCCGCAAATACCTCCAACACTACTGTTTGCTGCTGTGCTACATGATTGTGTAGGAAGCCACGCATGACCGCGCCATACCTCCATGGCCGATTGATTGTCTATAACTCGTCCATATTTGTATTGGCTACAATCATATGCAGAACATGACTCAT
79,TTAAGACCCGCGCGACCCGCTCCCGTGTTACTTGGTCTTCGTGGCTCCTGAAGATGTCCAGTTTGAGTGTAACTCTAGTCTCGTGGACGGTGGGCTAATAAGTGTAGGGCCTCCATTCATTTACATGTGGGACTCTGCCCACAGTGGGACTGACAGGAGACTTAGTAGTTTTCTAGTCAGCATAGAGGTATTATCATCGAATAGGATGCGCGACATCTAGAAACTAAGTAACCCAGGCTTGACCTCTCAGGATTGGAGCAAAGCGTCAACTGACGACGAAGACTCTTTACACTGTCGTTG
80,GTTCGTTACCGCAACCCAGCCGCTGAGCCCCCCGTTCAATTGACTACCCCGTGTTCAGCCCCGGGTAATAACCCGGACTTAATATCAGATTGGCGTATGCCGCCGGGTCATTTGCAGCTAATAGCAACGGCCTCAACGAGCTGCCCCATTCCATCCGGAAAGTGGGCCCAAGCTATTGTAATACAGTCCGGAGATGGCAGACCCTCATGCCTTAACATCCCGAGAAAACGTCTTTTGATAGTACTATACCAATATGCTGCGTAACACGCGGACAGATTCGGATGCCCAGGGGCGATATTC
81,GTGAGTAATAAGAAATCATGTAACTGTAAGTTGCGTTGACAATGGAGTGTATGGGGTCAAATGGGCTATGAAGTTACGGCAAGTGTCGGAGTAATCTTGGGCAAAAAGAGCGTTCACTCGCCACAAGGGACGGATCGTCTAAGTAAACTTAGAGGATAGTAAAGCATCAACTCAAGCACATATGGCCGCGTCCAAAGCGGAAATTGCACCGGGTCGTCAATAACCCGCCTAGAATCGGAGGATTCAATCACCGCTCCGCTTGCCCATCATACCCGCATTATCGCGAAGTTGAGATTATCC
82,CACATGTCGCGTTTTTGCCGGGTTGCTCCGTCCAATGGTCGGGGGGCCGCGATTTATCATAATGGTCGATCTTTCGCGGTGGATTTCGCCGACGCGAAGCAAGGACCTATAGTATGGCTGTCAGGGGGGGCCTAGGGTGCAACGGCTGATAACCAGGATCGAGTTGTGAGATGTTACCCTTTACCTACCTTCGCTCTAGGCATAGGTACCACAATTCGCACATTGCACCTTTTTCGGGTCATAAAGCTAGAGCCAATATGTGTAAGAGCGGTGCTCCACTGACTTTTTGAGTGACGCGAG
83,AGATTGAGCGGTACTGCTAGTCGGTAGAGCATAAATCATTATTGTCGATCTTGTCTTAGGTAGGATTAATGACGTACAGTGGCACTTCGTCTAAGGACGCAGTTCTTAAACGAATGTCCATTATCGCTGGGACTTGTCTCCTTCAAAGCATAAGGCAAGTATAAGGTAAGCAGACGTAGCCACCCTTACTTACGATAGACAGTCTTGTGTAGAATTACGAAATTATGATTCCGACAAGCCACTTTTGTTACGTCTCTTGCCGGCTTGTTCTCCTCCATTATATGTGACTGTGATTGCGTA
84,CCCAGATCCGTTGACAGACAATACTATACCACGCGATGGCAATTCCTTGGTTTTAAGATGTGAACTGCGACCCTAGTTTGAGTGAAGCATCTCAGCCGACTAATAGGTATCCTAACAATCATATGACGTGTCAGAATATGTGCTCACTGATGTAGCGAATAGCTGGCCTACTATGGACCGCATCGCCGCGTAGTTTCTTATGACCGCGTGCATTCATAAAACCCTCTCAAGGGTCGCTTAGACCGTCCCGGCCTCACACAGAAAGAAAAATTTCGCCAAACATGAATATCTCGCAGGTCA
85,TCTATATCGGCTGGTTAGGTGAAGGTCCCCAGGTCGTTCGATTCCGAATGGATACAATTAGGCGACTGAAAGGATTGTGAACCATAATACCGAGCCAGATGCCCCAGGACGTACGTATCTTCGAAAACCAGGGACGGTCGCGACACCAGTCTGCGTTATCTGAATGGACACCGCGTAAATGCTGAGTGAATCCCCGCTATCCCGTACCACAGTTGTCAGGGAGAATGTTCTCATCACGGCGGTAAAGGACTGTGACGGAAGCGGACGGTTAAGAAGGTTCCCAGATTACCAAACAGAGAG
86,CCCCCGTCAGTAAGGTACATTTCTTGGAGTGCTCTATGGATCACAGTGCAATCGGGTCGTGCTTCAGATTCGCACCACGTAGCCGATGCTCAAAGATGTGCCTTGTAGACTATGTGGCTGAGGAATGGAAGCCGGTCATGTCAAAGCTACGCATTAGTCGGGGACTTATCAACCGGATGATCACCGGCAATTAATATGGTACCTAAACGACTGCAGACAGTCCTAATTTTAAGGTCACTGAAAGTAGGCGCGATTACCCCTCCCTGCTCTCACACCGGCGGTATACAGTCTGCCATCGAA
87,GTATTCGTTATAACCGGGCAGGAAATTGGCTGGAGTCGACGATACAAGCACGACACCAGTTCCTTAAAGGAATAAAACGTAACCCCACACGTCGCTCACACTTTAGTCCCGAGGAACATGACATCACCGAGTTATGCGTTATCAACGTTCAATACATCAATTGAAACTATAATACGGAATATGGCATCGCTAGAACTACGCGTGCGCGCGCGGTCGAGAACGTGAATTAGACGCCAAGCACGATGTCATCTAGATACGCCTTATAAGACAAAGAGAGAAAACGAATCCCCCTCGCGGCTA
88,ATCCTGACGGCATGTGAGCTGCAGAAAGTGTGGATTGGCTCGCTTAAACTGAGGACTTAGGATTTGGAACTTTAGTTTACGAGAGGCGCGTTAGATTCTGCTCAAACTGTGAGCTAAAAATAACCCGGAGTCTACCGCTAACTCTACACGGAAGGCATGTACCCGCACAACACAGCTGCATTTGTGTAGTTGTACTCCTGGGCGCACTATTATCGCTGGGGACGGCGCTTTGCTGGCTACCGAATCGATTGAGAAACGACTGAATGACATAGAGGCTGTTTGACATATGGTATGTGAATA
89,CACTCCCATTCTCGGTGCGGCTAGGAACGTGGCCCGGTATAGTAATACAGCTGCGGTGATATCTAAACAGCTCGTCTTCGACTGAGCCAGGCAATGCCGGAACATCCGCTGCTATTAGAAGGCCAGCTCCGGGCAACACGCCTCATATGACACCAAAGGCGCAGCGTGACCGGTGGCAAGCAGAGCATAGCGGACTTACTGTTAATTGGATGTTTATTTATGTTCACAAAAAATCTAGTGACGAGTCAATTGAGACGAAGTACCCGCGCGTGTCGGCCATGGCACTCTGGGTAATGTCGA
90,GGTTCTTCTACCACCAGGGCAAGTAGCTGTAAGGCGTGTCCACAGCTATACTTCTAAAATGGGGTGGATAAGTACGTTAGAGGACGCCCACTCCTCTTCAGTTCACGTCGGCAGTCGTGGATGTTCCGAATATAGAATAAAGAGATTGCGTTCAACACTAGTCAAATTGTAAGGAGCGTCCGTTAATAACACAATACTCTCGATAGCTCACCAGGGTAATTTCGGCTCGTAAAAAATAGACTGCATCCGTGACATAACAGTCGAGAAGTATACCACGGTAGATGTCCGGAGGTAGGCTCA
91,TCTGCGCCGCCCGTGTACTAATGACAAACTCCTGCACACTGGTCACGTCCAGCACTCCAGCTGTGTCTGCCTCGTCTGGCTACCCAACACAGTATGAACTTAGCCGGGGCCTGCGTTTGAAAATGGGTGGATCCGCTCTCGAAAGGGTACCCGGAACGATCCTGCTCAGGAGATCGGCACCCGAGTGGCTGTTGCTGTTTGTAAGGCCCGCAGTAGAGTATATCTCTGGCTACTAACGGGGTTGGGTTCTTTAAAACGCAGTTAAAGGGAACGTTAACATTCACCCGGTGGCCACCCGTA
92,ATTACGCAAACAGAGCACCATAAATCGATATTCTACGGCAATGAATCCAGCGGTGCGCCGAACCTCTTCCATGACCGCGCATATTCTGTGGGGACCGGAACGAATTACCTGCGGTCGACCACCCTTACATAAAACGGCCTCTTGCGGTGTGATGTGCGCTTTTCTGATGCTACGGAACCTCGAACCCACAGCAGCTGGAGAAACGTGCGAAAGTCGGCATGATGACGCGCGCACTTAACGAGTATTTCTCTACGTCATGTAGTTTGAGAGTCTCAAGATTGAGTCCTTTCTGACCATGTA
93,TCCTTTCCTTAGTTCTGGGAGGCACCGGGGAAGAGGTACTGATCCTTGGCGGTCCATGCTGGTTGCCATGTAGGGACGCCTGTAACCAACTTGCCAGCTCGACGATGTGCATGGCGAGCTGGCAGCAACTATGCGAAGACTATTACATGTGACTCCACTCATGCGTAGGGGCAGGGGGGGAAGGATCCGCTGGTAGTGCTTTGCTGAGCTTCCTTACTTTGGGGCCTGTTAACGATAAATGTCATCTGCACCACAGGGACTCCCGTGCTCGTCTTAGCCGTTCGCGTCGTTCGTTCAACT
94,CCTACGCATCACAGGTCCTAACCTCCCTACGTACGAGCGAATGACTAACAACCCCATTTTGCTACATGGCCGGCGTAGAGTTGTACTACAAGGATCGATGCCGGTGAATTTCCGGGTGTCGGGTTGGAAGATTGATCCCAATAGGGAGTTCCATTACCCGCTGAGATGTTCCCTGGTATTCCTTAGCCCAATTTAGCAAACGCGATATCCAGTGTTGAACGTGGGGCCCCTAGCGTTGATTAGTGCTCGGAACAAGAGTCTAACTAACGTGTAGACGGCTCCAGCTACAATTGCCCTGTC
95,GGGTTTTTGTTAACTTAATAGTAAAAGCTGCTATAATAAACGTGCGGTGCGAATCTACACGAACTGTGAACCTTCAGATGCGGTTACGAGCATCTACACGGAAAGACCGTTTTTCACGTGTAGCGATGCTGTTCGACCTGGAAATAAGCTCTTGCTCTGCTACTCACACTTATACCTGGCTCTGTTTCGCAGCTTTCCGCGGGCCACCACAGCACTCTGTAAGAAATGATGAAGTAATACGCAAATACCTTCCTCATAGTGGCTGGCACGCGGGCGTGCGGCTACCCACCGATGATCAAG
96,GGTAGAGAATTACCTGGAGGGGATATGACGAAGTCTTCAATCATCTACAGGCTCCTCATGGTTTGCCCTTTACTATACAGAGTTCTTCACTCCCTCTCGCGGGAAGAAGAGCGCTCTGATTCTGAAATGATGGGATTAGTCGTCACGCGTAAATGATAACCCAGTCACGTTGAACTTGTCCCATCAAGATCGATAAAGGCGTTTGCATATCATGTCAACTATAATTGGGAGTTTATTCAAGGTCGTCAGAGAGTGCAACTGCGTATGCATGAGAGGATTCGACAGATAATGATTGGTACC
97,CAATGACTTTGGCACTGTGCCTTTTTGTTACGACTAACTTATCGAAGGACCTCGCTATAGTTTAGATATGTGTGTAGTCGCAAAAGGGCGGTCCGCGGGGCATATTGCCGACTGCTAGATAGTCTAAGCTGCGGGCGAGTATTCTGCTAGAGCGTCAAGGCCAAGAGCGTTCCGCGTTAGACTATCATGTCAGATACAAATTTTAAGATTCTCCTCGTCTTCCCGCTACATGGCTATGAGCTGTAGAGTGATTACAACGTCTAGACTACTAGTTCGCCGCGATCTGACCGAAAGTCAGAA
98,TGATATGAAAAGCGGTTACCTAATATCATGTTGGGGAGGTAGAAAGAAAAATAGATGTGTATCCGGGGCAGACTTAGTCTGAGGCTTATCGGAACGGAAGCCCACCGTGTCATTACCAAGGGTCAGTAACCAAAATGAGGTATAGTGAGGGTGAGAGGTTCACCCCTTGCCCTACCAGGAGATCCAGAGGTTTAGATGTAGCTTTTTTTTCCGTGACACATGTAAACAGCCCTGTCATTCAAAATCCTCTCCCGACACCTAACGCCGCCGTCTGTCCATGGTAGACTTTTTCTAGAACAG
99,AGAACTGCTAGGTGCGCGAAAACCTTGCATCGCCAGGGGTACGCCCTGGGCCGCTTTTACCTTCATTACCTATGTCTCAAATGCGCACGATAACCGAGAGTGGAATGCGCCAAGCAAGGAGATGTGCCCTGACATTCATTCGTTCGACAGGCGGCTAAATTCCGAACCGTATCTGACAATCTCGAGAGACGAAAGATCACCCTCGGCGACAGGTCTTACCGTCCAAATCAATACGATGAGAGAAGCAAACCACGAATGTCCAACTGAGTTCCCCGGGAGTCGCTTGCGGGCTGGGTGCTG
